"Neighborhood","Venue Category","Venue","Id","Neighborhood_Latitude","Neighborhood_Longitude","Location_Formatted_Address","Categories_Name","Location_Address","Location_Postal_Code","Location_City","Location_State","Cluster_Label"
"Dharmaram College","Mall","The Forum Mall","4b5a8814f964a5201cca28e3",12.93460274,77.61131217,"#21 (Kormangala)","Shopping Mall","#21",560029,"Bangalore","Karnataka",0
"G.K.V.K.","Cineplex","Imax","5c1667a4dff815002c3718af",13.094436,77.5951,"Bangalore 560065","Multiplex","null",560065,"Bangalore","Karnataka",1
"Begur","Cineplex","Pvr Imax","5a55f6f603369353b7a52cfb",12.90784658,77.60141378,"Bengaluru South 560068","Multiplex","null",560068,"Bangalore","Karnataka",0
"Hoodi","Cineplex","PVR Market City","51c1ddc4498e80f222edbfcb",12.99753093,77.69581333,"The Phoenix Market City Mall (Whitefield Main Rd, Mahadevapura Post)","Multiplex","The Phoenix Market City Mall",560048,"Bangalore","Karnataka",2
"CMP Centre And School","Cineplex","INOX Magrath Road","4bd19a8d9854d13a82c9f94d",12.97012693,77.60996812,"4th Floor, Garuda Mall, Ashok Nagar (Magrath Road)","Multiplex","4th Floor, Garuda Mall, Ashok Nagar",560025,"Bangalore","Karnataka",0
"Bannerghatta Road","Movie Theater","PVR Audi 7 4DX","5c65704f1c0b34002cc4137c",12.907887,77.601105,"Bangalore 560076","Movie Theater","null",560076,"Bangalore","Karnataka",0
"B Sk II Stage","Performing Arts","Suchitra Film Society","4e8871a55c5c282a2402e898",12.92608107,77.56993005,"Banashankari (2nd Stage)","Performing Arts Venue","Banashankari",560070,"Bangalore","Karnataka",0
"J P Nagar","Movie Theater","Marlinspike Hall","593bd72ea35dce738e8bce9a",12.90070578,77.55700943,"89,4th cross","Movie Theater","89,4th cross",560078,"Bangalore","Karnataka",0
"Attur","Cineplex","INOX Cinemas","5bc0a4475d891b002ccf23b5",13.094407,77.59555,"RMZ Galleria Mall, 2nd Floor (Ambedkar Colony, Yelahanka)","Multiplex","RMZ Galleria Mall, 2nd Floor",560064,"Bangalore","Karnataka",1
"Rt nagar","Movie Theater","Radhakrishna theater","4d0b8f71984a6ea8f1319264",13.0133852,77.59377783,"Rt nagar","Movie Theater","Rt nagar","null","Bangalore","Karnataka",1
"Soul Space Arena","Cineplex","PVR Cinemas","581a11d3042fc73ce1323583",12.9799884,77.69368712,"Soul Space Arena (Mahadevapura)","Multiplex","Soul Space Arena","null","Bangalore","Karnataka",2
"EPIP","Movie Theater","SPI Aura Cinemas","5c0e7821d48ec1002c733cec",12.987098,77.736138,"Park Square Mall (ITPL, Whitefield)","Movie Theater","Park Square Mall",560066,"Bangalore","Karnataka",2
"Gandhi Nagar","Movie Theater","Movieland Theater","4d0385399d33a14358b0b478",12.978798,77.57547281,"Subedar Chatram Rd, Gandhi Nagar","Movie Theater","Subedar Chatram Rd, Gandhi Nagar","null","Bangalore","Karnataka",0
"Bannerghatta Road","Cineplex","Audi 1 Playhouse - Pvr Cinemas","5a5f6fac12f0a973a693d756",12.907608,77.60118,"Bangalore 560076","Multiplex","null",560076,"Bangalore","Karnataka",0
"Chikkalasandra","Movie Theater","Vaibhavi Theatre","4c024fb3cebfef3b7a6297fd",12.90361759,77.54413247,"Subramanyapura Main Road, Uttarahalli (Opp New Brilliant School)","Movie Theater","Subramanyapura Main Road, Uttarahalli",560061,"Bangalore","Karnataka",0
"EPIP","Mall","The Forum Value Mall","4b56c960f964a520391b28e3",12.95978456,77.74751597,"#62, Whitefield Main Rd (Whitefield)","Shopping Mall","#62, Whitefield Main Rd",560066,"Bangalore","Karnataka",2
"Vasanthapura main road","Indie Movies","Manasa Theater","4da01cb158c2224bb63f4b79",12.89081109,77.56233533,"Vasanthapura main road","Indie Movie Theater","Vasanthapura main road","null","Bangalore","Karnataka",0
"Bannerghatta Road","Cineplex","Pvr Cinemas Audi 4","5cc521ce23a2e6002c55013a",12.907852,77.601105,"Bangalore 560076","Multiplex","null",560076,"Bangalore","Karnataka",0
"Adugodi","Indie Movies","Shiva Theatre","4cfbd424dccef04df03ebd9c",12.9415258,77.6173245,"Adugodi Main Rd, Koramangala 8 Block, Adugodi","Indie Movie Theater","Adugodi Main Rd, Koramangala 8 Block, Adugodi","null","Bangalore","Karnataka",0
"Dharmaram College","Cineplex","PVR Cinemas","4bda6ca63c4fef3bbca2f4bf",12.93438876,77.61118429,"3rd and 4th Floors, The Forum Mall, #29, Hosur Road, 5th Block, Kormangala (Hosur Road)","Multiplex","3rd and 4th Floors, The Forum Mall, #29, Hosur Road, 5th Block, Kormangala",560029,"Bangalore","Karnataka",0
"Agara","Cineplex","PVR","4df48cc062e1288ed307d1df",12.9263276,77.67534694,"Bangalore Central Mall (Outer Ring Road Bellandur)","Multiplex","Bangalore Central Mall",560034,"Bangalore","Karnataka",2
"Begur","Cineplex","PVR Cinemas","5a54eda40802d413e056c732",12.9076222,77.60108215,"Bengaluru South 560068","Multiplex","null",560068,"Bangalore","Karnataka",0
"Forum Mall","Movie Theater","PVR IMAX","53acf0b0498e90d68a0ff6bb",12.93459497,77.61132108,"Forum Mall","Movie Theater","Forum Mall","null","Bangalore","Karnataka",0
"CMP Centre And School","Cineplex","PVR Cinemas","50927aac498eeb726337e5b9",13.01080073,77.55500468,"ORION Mall, Brigade Gateway (26/1, Dr.Rajkumar Road, Rajaji Nagar)","Multiplex","ORION Mall, Brigade Gateway",560025,"Bangalore","Karnataka",1
"Doddagubbi","Cineplex","PVR Cinemas Elements Mall","550570aa498ef793c4b09c5f",13.04522246,77.62678891,"Nagavara Village (100 Ft Rd)","Multiplex","Nagavara Village",560077,"Bangalore","Karnataka",1
"Vaishnavi Saffire Mall","Cineplex","PVR Vaishnavi","56d5b4efcd1053e5b7a47a62",13.02415244,77.54873323,"Vaishnavi Saffire Mall (Tumkur Road)","Multiplex","Vaishnavi Saffire Mall","null","Bangalore","Karnataka",1
"T Dasarahalli,","Cineplex","Carnival Cinemas","5002f6b6e4b063cc7c1ca67e",13.04040655,77.51813766,"No.8, Rockline Mall, Chokkasandra, T Dasarahalli, (Jalahalli cross)","Multiplex","No.8, Rockline Mall, Chokkasandra, T Dasarahalli,","null","Bangalore","Karnataka",1
"Bangalore Central","Movie Theater","Inox JP Nagar","4cea66cdf1c6236a9b6c6af0",12.91626571,77.59245757,"5th Floor, Bangalore Central (Mantri Junction, 45th Cross, JP Nagar 2nd Phase)","Movie Theater","5th Floor, Bangalore Central","560 069","Bangalore","Karnataka",0
"Kenchanahalli","Cineplex","Gopalan Cinemas","4df4a58388772e1f8157de41",12.92884952,77.51845185,"Gopalan Arcade Mall (Mysore road)","Multiplex","Gopalan Arcade Mall",560098,"Bangalore","Karnataka",0
"Bannerghatta Road","Cineplex","Cinepolis","4db3a88643a1369cb5a9d259",12.87611902,77.59545549,"4th Floor, Royal Meenakshi Mall, Hulimavu (Bannerghatta Rd.)","Multiplex","4th Floor, Royal Meenakshi Mall, Hulimavu",560076,"Bangalore","Karnataka",0
"Sampangiramnagar","Movie Theater","Urvashi Cinemas","4c541506f5f3d13ad4f58df9",12.95563088,77.58561667,"Lalbagh Main Road (Doddamavalli, Sudhama Nagar)","Movie Theater","Lalbagh Main Road",560027,"Bangalore","Karnataka",0
"Jayanagar","Cineplex","Inox Jayanagar","4c487871972c0f4778142721",12.92867846,77.59123543,"4th Floor, Shree Garuda Swagath Mall, (Tilak Nagar Main Road, Jayanagar)","Multiplex","4th Floor, Shree Garuda Swagath Mall,","560 041","Bangalore","Karnataka",0
"Industrial","Cineplex","The Cinema GT World Mall","593a6c866fd6265aed5d63e8",12.97369678,77.55160425,"Magadi Road","Multiplex","Magadi Road",560010,"Bangalore","Karnataka",0
"Mathikere","Indie Movies","Murali gokula Theatre","4cb6fcc755af224b5eaf9d7e",13.03846721,77.55273102,"Mathikere","Indie Movie Theater","Mathikere","null","Bangalore","Karnataka",1
"CMP Centre And School","Mall","Garuda Mall","4ba1f6c1f964a520e4d337e3",12.97013971,77.60997796,"Ashok Nagar (Magrath Road)","Shopping Mall","Ashok Nagar",560025,"Bangalore","Karnataka",0
"Bangalore","Coffee Shop","Starbucks, Vittal Mallya Road","5c937d0235811b002c549ae6",12.971321,77.59819,"38/1 Vittal Mallya Road, Bangalore","Coffee Shop","38/1 Vittal Mallya Road, Bangalore",560001,"Bangalore","Karnataka",0
"HSR","Ice Cream","Papacream","5be04d0135f983002cad1b16",12.91389388,77.66661311,"No. 49, First Floor, Shubh Enclave, Haralur Road (Off Sarjapur Road)","Ice Cream Shop","No. 49, First Floor, Shubh Enclave, Haralur Road",560102,"Bangalore","Karnataka",2
"Hoodi","Mall","Phoenix Marketcity","4ea2b2e7722ec75ade643f30",12.9974177,77.6965593,"Whitefield Main Rd (Mahadevapura)","Shopping Mall","Whitefield Main Rd",560048,"Bangalore","Karnataka",2
"Fraser Town","Juice Bar","Cane Town","5d6f7451a9fbd90008c2f920",13.000806,77.615693,"Bangalore 560005","Juice Bar","null",560005,"Bangalore","Karnataka",1
"Bangalore","Indian","India Chai","5be9b09cc0c0840025f6f7a8",12.973108,77.603276,"Bangalore 560001","Indian Restaurant","null",560001,"Bangalore","Karnataka",0
"H.A.L II Stage","Cupcakes","Magnolia Bakery","5dc92ee6ba188a00082dee18",12.970125,77.64096,"12th Main (Indiranagar)","Cupcake Shop","12th Main",560008,"Bangalore","Karnataka",0
"Benson Town","Juice Bar","Coconut Cooler","5e6f5237bd23420008cc2131",13.000693,77.599499,"Bangalore 560046","Juice Bar","null",560046,"Bangalore","Karnataka",1
"Agara","Mughlai","Al Daaz","5a6e04401cf2e11de3d1094a",12.921521,77.651555,"Near HSR Police Station (27th Main)","Mughlai Restaurant","Near HSR Police Station",560034,"Bangalore","Karnataka",2
"BENSON TOWN","Halal","7 PLATES","536f9148498e23105b480369",12.9972176,77.60393979,"BENSON TOWN (MAIN ROAD)","Halal Restaurant","BENSON TOWN","null","Bangalore","Karnataka",1
"Hoodi","Caf�","Chaayos","5d74c084fae52c0008fce172",12.996627,77.69665,"First Floor, Phoenix Marketcity Mall (Whitefield Main Road)","Caf�","First Floor, Phoenix Marketcity Mall",560048,"Bangalore","Karnataka",2
"HSR","Tea Room","Chaayos","5fd45c674f4e7856aa88c001",12.912423,77.651749,"27th Main Road, Sector 1 (HSR Layout)","Tea Room","27th Main Road, Sector 1",560102,"Bangalore","Karnataka",2
"H.A.L II Stage","Caf�","Chai Days","5ce2fb906336be002c4957f3",12.96661,77.641594,"Bangalore 560008","Caf�","null",560008,"Bangalore","Karnataka",0
"Adugodi","Caf�","Malabar Cafe & Restaurant","5fc9cc1efba3122f0ea18e99",12.936211,77.614685,"Bangalore 560030","Caf�","null",560030,"Bangalore","Karnataka",0
"Bellandur","Bakery","Magnolia Bakery","5fdb5582c11e32466d1f744a",12.920437,77.685467,"RMZ Ecoworld","Bakery","RMZ Ecoworld",560103,"Bangalore","Karnataka",2
"Banashankari III Stage","Breakfast","Aithal's Mithra Koota","5854ce96cc5b6a3de51e25d6",12.94333,77.54065,"50 ft road (girinagar)","Breakfast Spot","50 ft road",560085,"Bangalore","Karnataka",0
"Koramangala VI Bk","Tea Room","Chai Chowk","508c994ce4b017e57869ebed",12.93632911,77.61466686,"Koramangala 7th Block (1st Cross)","Tea Room","Koramangala 7th Block",560095,"Bangalore","Karnataka",0
"Koramangala VI Bk","Burgers","Truffles Ice & Spice","4c11f49ca9420f47c3a07d51",12.93344283,77.61426454,"#28 (4th 'B' Crs, 5th Blk, Koramangala)","Burger Joint","#28",560095,"Bangalore","Karnataka",0
"Basavanagudi","Indian","Vidyarthi Bhavan","4b8676e7f964a520318b31e3",12.94508159,77.57141473,"#32 (Gandhi Bazaar Rd)","Indian Restaurant","#32",560004,"Bangalore","Karnataka",0
"Frazer Town","Indian","Empire Restaurant","4b968ceff964a520fdd334e3",12.99981523,77.6159701,"Mosque Rd, Frazer Town","Indian Restaurant","Mosque Rd, Frazer Town","null","Bangalore","Karnataka",1
"Jayangar III Block","Coffee Shop","Starbucks","5a86c3a195da0c0fadda2c14",12.92462387,77.58380514,"Bangalore 560011","Coffee Shop","null",560011,"Bangalore","Karnataka",0
"Bellandur","Coffee Shop","Starbucks","5cdce6a658002c002c41af4b",12.937301,77.688736,"Bangalore 560103","Coffee Shop","null",560103,"Bangalore","Karnataka",2
"Bangalore","Buffet","Lush","5b5c375cad910e002c31e8d0",12.984587,77.57647,"Bangalore 560001","Buffet","null",560001,"Bangalore","Karnataka",0
"Sadashivanagar","Coffee Shop","Third Wave Coffee Roasters","5b8832d44ac28a002c87478d",13.008224,77.579922,"396, 13th Cross Road, 8th Main (Sadashivanagar)","Coffee Shop","396, 13th Cross Road, 8th Main",560080,"Bangalore","Karnataka",1
"Bellandur","Fast Food","Leon Grill","5fddaa3b77cdd2243a9c4ba4",12.924303,77.673751,"Bangalore 560103","Fast Food Restaurant","null",560103,"Bangalore","Karnataka",2
"Devanagundi","South Indian","Sri Sai Palace","5bd568dbdeb4950025a8af50",13.006801,77.75748,"Bangalore 560067","South Indian Restaurant","null",560067,"Bangalore","Karnataka",2
"Amruthahalli","Indian","Sanjay Dhaba","4bdf373917fdef3b8cbb4e36",13.05861151,77.59376661,"Bellary Rd","Indian Restaurant","Bellary Rd",560092,"Bangalore","Karnataka",1
"Chikkalasandra","Fried Chicken","Kfc","5fdf7e25360d36064e86b54a",12.911648,77.556472,"Bangalore 560061","Fried Chicken Joint","null",560061,"Bangalore","Karnataka",0
"Hosakote","Indian","Shri Guru Nalapaka","4f18e65fe4b012690bea34ce",13.07268949,77.78687467,"Hosakote","Indian Restaurant","Hosakote","null","Bangalore","Karnataka",2
"Bannerghatta Road","Italian","Handmade By Flavour","5fdf63643b41d51ed0486174",12.910037,77.60744,"Bangalore 560076","Italian Restaurant","null",560076,"Bangalore","Karnataka",0
"J P Nagar","South Indian","Brahmin Tiffins","5b95ef5d6e4650002ccaaa90",12.891828,77.57947,"Bangalore 560078","South Indian Restaurant","null",560078,"Bangalore","Karnataka",0
"Hosur Rd","Middle Eastern","Fanoos","4ba04c82f964a520256737e3",12.964384,77.60672836,"17, Hosur Rd, Near Johnson Market (Richmond Town)","Middle Eastern Restaurant","17, Hosur Rd, Near Johnson Market","null","Bangalore","Karnataka",0
"Kempegowda International Airport","Fast Food","KFC","567e7057498ec372b8abdcff",13.20109151,77.70970955,"Kempegowda International Airport","Fast Food Restaurant","Kempegowda International Airport","null","Bangalore","Karnataka",1
"Basavanagudi","Breakfast","Brahmins Coffee Bar","4bf61de3d4cdb713d04984fe",12.95398336,77.5688621,"Near Shankar Math (Ranga Rao Rd, Shankarpuram, Basavanagudi)","Breakfast Spot","Near Shankar Math",560004,"Bangalore","Karnataka",0
"Bellary Road","Indian","Swathi Gardenia","4c2802699eb195219b6d2959",13.05910807,77.59318444,"Bellary Road","Indian Restaurant","Bellary Road","null","Bangalore","Karnataka",1
"H.A.L II Stage","Hotel","The Leela Palace","4ad0af16f964a52012d920e3",12.96092772,77.64855594,"23, Old Airport Rd","Hotel","23, Old Airport Rd",560008,"Bangalore","Karnataka",2
"Kanakpura Road","Indian","South Thindies","4cac7cd22776b60cbce6510d",12.938533,77.57543729,"Kanakpura Road (Basavanagudi)","Indian Restaurant","Kanakpura Road","null","Bangalore","Karnataka",0
"J P Nagar","Indian","Kabab Magic","4beac8def90e9c74f474e3ed",12.91624835,77.59689893,"#1548, East End Circle, 9th Block, Jayanagar, Bangalore (East End Mn Rd, JP Nagar III Phase)","Indian Restaurant","#1548, East End Circle, 9th Block, Jayanagar, Bangalore",560078,"Bangalore","Karnataka",0
"santrupthi nagar","Breakfast","Kakal Kai Ruchi","4c146f89583c9c74b0993fa4",12.88728663,77.58201624,"Opp. Big Bazzar, 1st main, santrupthi nagar (kothanur dine main road, JP Nagar 7th phase)","Breakfast Spot","Opp. Big Bazzar, 1st main, santrupthi nagar","null","Bangalore","Karnataka",0
"Sampangiramnagar","Seafood","Anupam's Coastal Express","575d8cd8498e307fd891c6f7",12.961987,77.59796,"Shop Number- 1, Cornwell Street, Langford Garden, Shanti Nagar, Bengaluru, Karnataka (Cornwell Street)","Seafood Restaurant","Shop Number- 1, Cornwell Street, Langford Garden, Shanti Nagar, Bengaluru, Karnataka",560027,"Bangalore","Karnataka",0
"Bangalore","Breakfast","Airlines Hotel","4bb59ca0f562ef3bd3262f97",12.97294792,77.59983135,"#4 (Madras Bank Rd)","Breakfast Spot","#4",560001,"Bangalore","Karnataka",0
"Bangalore","Steakhouse","The Only Place","4b686ae2f964a52045772be3",12.97330475,77.60351382,"No 13, Museum Road (Richmond Town) (Church Street)","Steakhouse","No 13, Museum Road (Richmond Town)",560001,"Bangalore","Karnataka",0
"Carmelram","Brewery","Aurum Brew Works","5c30a751febf31002c81f3a4",12.91038859,77.68557094,"Bangalore 560035","Brewery","null",560035,"Bangalore","Karnataka",2
"Banaswadi","Brewery","Wanderers","5a379cf6e7a2371f6a65e5de",13.023135,77.64312,"7M-417, HRBR Layout 2nd Block, HRBR Layout, Kalyan Nagar","Brewery","7M-417, HRBR Layout 2nd Block, HRBR Layout, Kalyan Nagar",560043,"Bangalore","Karnataka",1
"Bangalore International Airport","Brewery","Windmills Craftswork","5c849a711953f3002c8a751e",13.199887,77.709638,"Bangalore 560300","Brewery","null",560300,"Bangalore","Karnataka",1
"Koramangala VI Bk","Brewery","Bier Garten","5c23966ea6031c002c6dcbb4",12.933482,77.61415,"Bangalore 560095","Brewery","null",560095,"Bangalore","Karnataka",0
"Koramangala VI Bk","Brewery","The Bier Library","5c14c03accad6b00391f565e",12.939178,77.625824,"Bangalore 560095","Brewery","null",560095,"Bangalore","Karnataka",0
"Koramangala VI Bk","Bar","Bob's Bar","5c5db9665455b2002c551c87",12.934501,77.61308,"Bangalore 560095","Bar","null",560095,"Bangalore","Karnataka",0
"Bannerghatta Road","Brewery","Uru Brewpark","5d29fa3abf5e0e002361cf2b",12.905577,77.600966,"Bangalore 560076","Brewery","null",560076,"Bangalore","Karnataka",0
"Bannerghatta Road","Pub","By The Peepal","5c726b1bf00a70002c8d57cf",12.906442,77.595441,"Bangalore 560076","Pub","null",560076,"Bangalore","Karnataka",0
"Agara","Brewery","Simon Says Brew Works","5b53342d4420d8002c0189df",12.934428,77.616,"above boozy griffin (kormangala 4th block)","Brewery","above boozy griffin",560034,"Bangalore","Karnataka",0
"J P Nagar","Brewery","Brahma Brews","5c2a57df9be522002cb4901f",12.893477,77.58662,"Bangalore 560078","Brewery","null",560078,"Bangalore","Karnataka",0
"H.A.L II Stage","Pub","Daddy","5d03c9ef1543c70039818919",12.969993,77.639915,"Daddy Bangalore, 963, 12th Main Rd, HAL 2nd Stage, Indiranagar","Pub","Daddy Bangalore, 963, 12th Main Rd, HAL 2nd Stage, Indiranagar",560008,"Bangalore","Karnataka",0
"J P Nagar","Brewery","The Pump House","5bf176239be522002ce687cd",12.90665411,77.58218445,"Outer Ring Road","Brewery","Outer Ring Road",560078,"Bangalore","Karnataka",0
"Indiranagar","Brewery","Toit Brewpub","4d74e829e278f04d748c5db8",12.97936742,77.64070245,"298, 100 Ft Rd, Indiranagar (at 100 Ft Rd)","Brewery","298, 100 Ft Rd, Indiranagar",560038,"Bangalore","Karnataka",0
"Windsor Manor","Pub","Dublin","4b8f212bf964a5207d4a33e3",12.99430094,77.58571184,"Windsor Manor (No. 25, Golf Course Road)","Pub","Windsor Manor",560052,"Bangalore","Karnataka",1
"Bangalore","Bar","The Barstock Exchange","5b23fa9a2387060031874d2a",12.976242,77.60212,"Bangalore 560001","Bar","null",560001,"Bangalore","Karnataka",0
"Seshadripuram","Indian","New Samrat Restaurant","4d71c7d495bc8eec74015ff9",12.98939464,77.57276446,"173/1, S.C. Road, (Seshadripuram)","Indian Restaurant","173/1, S.C. Road,",560020,"Bangalore","Karnataka",1
"Carmelram","Brewery","Byg Brewski Brewing Company","5bf033e351950e002c9c835f",12.913077,77.68314,"Sarjapur Road (Behind MK Retail)","Brewery","Sarjapur Road",560035,"Bangalore","Karnataka",2
"Kenchanahalli","Bar","Secret Of Bangalore","5c447af2c97f28002c8ee58d",12.909596,77.527366,"Bangalore 560098","Bar","null",560098,"Bangalore","Karnataka",0
"CMP Centre And School","Brewery","ShakesBierre","5c0a8abf123a19002c0c042c",12.97086,77.607431,"Eva Mall (Brigade Road)","Brewery","Eva Mall",560025,"Bangalore","Karnataka",0
"Agara","Lounge","TBC","5a2bf5b4d552c729178b0da6",12.92281414,77.65143021,"27th Main , Hsr Layout","Lounge","null",560034,"Bangalore","Karnataka",2
"Devanagundi","Pub","One For The Road","5c0bc265fdb9a7002cef2867",13.010584,77.75994,"Bangalore 560067","Pub","null",560067,"Bangalore","Karnataka",2
"H.A.L II Stage","Bar","Nevermind","5c1d16897b385f002cf82199",12.970411,77.646028,"No.614,615. (12th Main Road)","Bar","No.614,615.",560008,"Bangalore","Karnataka",2
"Kenchanahalli","Bar",1522,"5fcfa47f40b9ef018c875d6b",12.931655,77.51577,"Rajarajeshwari Nagar","Bar","Rajarajeshwari Nagar",560098,"Bangalore","Karnataka",0
"G.K.V.K.","Pub","The Irish House","5d6a94a12c61ca0008ac76cb",13.093894,77.594955,"Roof top Rmz galleria","Pub","Roof top Rmz galleria",560065,"Bangalore","Karnataka",1
"J P Nagar","Pub","1522 - The Pub","5db1c15525ae4e000813fdbc",12.906314,77.57594,"Bangalore 560078","Pub","null",560078,"Bangalore","Karnataka",0
"Agara","Pub","Gilly�s Redefined","59d8a0c49b047332498ffcf8",12.93338755,77.62352536,"Bangalore 560034","Pub","null",560034,"Bangalore","Karnataka",0
"Jayanagar","Pub","Taproom By Sherlocks","5fd4f3ef5fbb403a483882e6",12.9060755,77.58526,"Bangalore 560041","Pub","null",560041,"Bangalore","Karnataka",0
"Banaswadi","Lounge","Firehouse","53233741498e2461521ae9bc",13.02625313,77.63621928,"5BC-310, Siri Complex (HRBR 3rd Block)","Lounge","5BC-310, Siri Complex",560043,"Bangalore","Karnataka",1
"Chudenapura","Bar","Ginger Lake View","5d18c74aa24dd70023e8b230",12.907182,77.49086,"Bangalore 560060","Bar","null",560060,"Bangalore","Karnataka",0
"Malleswaram West","Lounge","High Ultra Lounge","52efb538498efdf63a59f0f1",13.01220403,77.55592915,"26/1 , 31st Floor, Dr. Rajkumar Road, World Trade Centre, Brigade Gateway Campus, Malleshwaram West, Bangalore","Lounge","26/1 , 31st Floor, Dr. Rajkumar Road, World Trade Centre, Brigade Gateway Campus, Malleshwaram West, Bangalore",560055,"Bangalore","Karnataka",1
"Bangalore","Lounge","Skyye","4d23471ed7b0b1f7d0552c9f",12.97164564,77.59624184,"Uber Level, 16th Flr., UB City, Vittal Mallya Rd. (Lavelle Rd.)","Lounge","Uber Level, 16th Flr., UB City, Vittal Mallya Rd.",560001,"Bangalore","Karnataka",0
"Bannerghatta Road","Lounge","Hakuna Matata","548ef654498ec5db5ef6f1d5",12.89402845,77.58650906,"1231/35/2, 24th Main,Opposite Brigade Palm Springs (Brigade Millenium Rd, JP Nagar 7th Phase)","Lounge","1231/35/2, 24th Main,Opposite Brigade Palm Springs",560076,"Bangalore","Karnataka",0
"Doddagubbi","Brewery","Byg Brewski","5b112e692f97ec002c46bcea",13.0708372,77.65231006,"Blossoms Rd, Kuvempu Layout (Visthar)","Brewery","Blossoms Rd, Kuvempu Layout",560077,"Bangalore","Karnataka",1
"Adugodi","Lounge","Koramangala Social","57fe668e498ea64ba5a539e4",12.9355183,77.61409673,"Kormangala (118 Industrial area)","Lounge","Kormangala",560030,"Bangalore","Karnataka",0
"Carmelram","Brewery","Big Brewsky","5409e518498e77fa821ec565",12.91314107,77.68323318,"Behind MK Retail, Before WIPRO Corporate Office (Sarjapur Rd)","Brewery","Behind MK Retail, Before WIPRO Corporate Office",560035,"Bangalore","Karnataka",2
"CMP Centre And School","Brewery","Arbor Brewing Company","50b8cfebe4b0b45a1a4919ad",12.9701396,77.61085658,"8, 3rd Flr., Allied Grande Plaza, Magrath Rd. (MG Rd.)","Brewery","8, 3rd Flr., Allied Grande Plaza, Magrath Rd.",560025,"Bangalore","Karnataka",0
"Bangalore","Pub","Church Street Social","5319e807498eef833aac3496",12.97555907,77.60257886,"46/1, Cobalt Building, Church Street, Opposite Hotel Empire (Church Street)","Pub","46/1, Cobalt Building, Church Street, Opposite Hotel Empire",560001,"Bangalore","Karnataka",0
"Bellary Road","Nightclub","Pebble","4b9442c3f964a520bd7134e3",13.00504488,77.5846391,"Princess No. 3, Bellary Road (Near Palace Grounds)","Nightclub","Princess No. 3, Bellary Road","null","Bangalore","Karnataka",1
"Richmond Town","Pub","The Permit Room","56f2af91498e6f78ab23d000",12.970388,77.61035835,"16/3, Commissariat Road, Richmond Town","Pub","16/3, Commissariat Road, Richmond Town","null","Bangalore","Karnataka",0
"CMP Centre And School","Brewery","Communiti","585d2b0b8f0be461c07c3db0",12.97261793,77.60822458,"Community India Hospitality And Resorts Pvt Ltd. 67 & 68, Brigade Solitaire (Residency Road, Opposite To Advaith Hyundai)","Brewery","Community India Hospitality And Resorts Pvt Ltd. 67 & 68, Brigade Solitaire",560025,"Bangalore","Karnataka",0
"M G Road","Park","Cubbon Park","4bbc4513e45295217db855a4",12.97704218,77.59527683,"M G Road","Park","M G Road","null","Bangalore","Karnataka",0
"Basavanagudi","Botanical Garden","Lalbagh Botanical Garden","4b5ee0ccf964a5201b9c29e3",12.94894848,77.58695126,"Lalbagh Road","Botanical Garden","Lalbagh Road",560004,"Bangalore","Karnataka",0
"CMP Centre And School","Park","Richmond Park","4d78ca24b706224b0bf02d8d",12.96326915,77.60129876,"Richmond Town (Alexander St)","Park","Richmond Town",560025,"Bangalore","Karnataka",0
"Jayamahal","Park","Jayamahal Park","4bab7f55f964a5200cae3ae3",13.0010871,77.59737968,"6th main Rd, Jayamahal","Park","6th main Rd, Jayamahal","null","Bangalore","Karnataka",1
"Cholanagar","Park","BDA PARK","4fe32fa9e4b0efa3a652d77b",13.03511217,77.59422445,"Cholanagar,R.T.Nagar Post,","Park","Cholanagar,R.T.Nagar Post,","null","Bangalore","Karnataka",1
"Girinagar","Park","Avalahalli BDA park","4bf227ad70779521d8aa3e7c",12.94281511,77.5424473,"Girinagar","Park","Girinagar","null","Bangalore","Karnataka",0
"EPIP","Park","Whitefield Park","5dc8b67ee42b4c0007a61eaf",12.971382,77.748469,"Bangalore 560066","Park","null",560066,"Bangalore","Karnataka",2
"Chikkalasandra","Park","Poornapragna Park","5d67387ad3702c00083f7247",12.906772,77.532539,"poornapragna","Park","poornapragna",560061,"Bangalore","Karnataka",0
"Dodda Aalada Mara","Park","Big Banyan Tree","4d40056d89616dcbd1dcffb4",12.90983507,77.39548908,"Dodda Aalada Mara","Park","Dodda Aalada Mara","null","Bangalore","Karnataka",0
"Jalahalli West","Park","Abbigere Park","59df51c261f0706ea6de8211",13.06969,77.52936,"Abbigere, Bengaluru, Karnataka 560015","Park","Abbigere, Bengaluru, Karnataka 560015",560015,"Bangalore","Karnataka",1
"HSR","Park","Sector 3 Twin Park","593e781a9e0d54794da37f2a",12.907971,77.64066,"Bangalore 560102","Park","null",560102,"Bangalore","Karnataka",0
"Kathriguppe","Park","Kathriguppe Water Tank Park","50d3c4f3e4b0fcfcdc2de0b2",12.92700991,77.54576708,"Kathriguppe","Park","Kathriguppe","null","Bangalore","Karnataka",0
"Dewan Madhawa Rao Rd.","Park","Krishna Rao Park","4c5568ac728920a195765c84",12.93581936,77.56729683,"Dewan Madhawa Rao Rd.","Park","Dewan Madhawa Rao Rd.","null","Bangalore","Karnataka",0
"Hall Road","Park","Richard's Park","4b53d3bff964a5208aac27e3",13.0042618,77.61739572,"Hall Road","Park","Hall Road","null","Bangalore","Karnataka",1
"Dollars Colony","Park","BBMP Park","4f01a591be7bbcd4f5353e50",13.03997889,77.57090909,"Dollars Colony (3rd Main)","Park","Dollars Colony","null","Bangalore","Karnataka",1
"St. Johns Church Road","Park","Coles Park","4c7b0dde794e224be8a46a28",12.9939575,77.60956764,"St. Johns Church Road (Seppings Road)","Park","St. Johns Church Road","null","Bangalore","Karnataka",1
"Basweshwarnagar","Park","Sambhav moorthy park","4c0fb75998102d7f0fa7e506",12.99749097,77.5378561,"Basweshwarnagar","Park","Basweshwarnagar","null","Bangalore","Karnataka",1
"Nagawara","Lake","Lumbini Gardens","5066bc5fe4b0e865581fec0e",13.04324191,77.60029158,"Nagawara","Lake","Nagawara","null","Bangalore","Karnataka",1
"Nagarbhavi","Park","Buddha Park","5b9e5cafd48ec1002c22c829",12.978958,77.51365,"Bangalore 560072","Park","null",560072,"Bangalore","Karnataka",0
"Koramangala","Park","Koramangala 6th Block Park","4c56a5d17329c92822f98c80",12.93756267,77.62113848,"20th Main (Koramangala 6th Block)","Park","20th Main","null","Bangalore","Karnataka",0
"Jayangar III Block","Park","Madhavan Park","4d79d86cf87b236ad202371f",12.93588764,77.58510997,"Jayanagar 1st Blk (South End Rd)","Park","Jayanagar 1st Blk",560011,"Bangalore","Karnataka",0
"Domlur","Park","BMP Park","4e50ff5cb61cf637a50a4d74",12.96878889,77.63639915,"12 B Main, Indiranagar","Park","12 B Main, Indiranagar",560071,"Bangalore","Karnataka",0
"Shankarnag Circle","Park","shankarnag circle park","50c7e8cee4b0a64e36342aed",12.93744907,77.55921875,"Shankarnag Circle","Park","Shankarnag Circle","null","Bangalore","Karnataka",0
"Jayangar III Block","Park","LIC Colony Park","4d195acbf4ee6a3194714a12",12.93197118,77.58934066,"LIC Colony (Jayanagar 3rd Block)","Park","LIC Colony",560011,"Bangalore","Karnataka",0
"Bannerghatta Road","Park","BBMP Park","4eca4ff3775bf65c06b4a55e",12.89198136,77.60842155,"Bilekahalli (Vijaya Bank Layout)","Park","Bilekahalli",560076,"Bangalore","Karnataka",0
"H.K.P. Road","Park","mahatma Gandhi park","52504c1e2fc66c579b059a9e",12.977314,77.59975076,"1 mg road","Park","1 mg road",560051,"Bangalore","Karnataka",0
"wilson garden 9th cross","Park","Hombegowda Park","4cc6854cbde8f04d4d59b74b",12.94696898,77.59447771,"wilson garden 9th cross","Park","wilson garden 9th cross","null","Bangalore","Karnataka",0
"Mahalakshmipuram","Park","Swami Vivekananda Udyanavana","5cc315773abcaf0033bcd6ee",12.999781,77.542076,"Shankaramutt","Park","Shankaramutt",560086,"Bangalore","Karnataka",1
"Attur","Park","Shankar Nag Memorial Park","5baf9002c4df1d002ca5e5ca",13.095941,77.58193,"Bangalore 560064","Park","null",560064,"Bangalore","Karnataka",1
"Indiranagar","Park","BBMP Indiranagar Park","50fa95a0e4b00afff686b507",12.97791023,77.64143337,"Opp KFC (100 Ft. Road, Indiranagar)","Park","Opp KFC","null","Bangalore","Karnataka",0
"H.A.L II Stage","Park","triangle park","515a3961e4b044dc8c77dd02",12.96295139,77.64956595,"6th main, Near leela palace. (Kodihally, HAL 2nd stage)","Park","6th main, Near leela palace.",560008,"Bangalore","Karnataka",2
"cubbon park","Park","Shilpa","4e0fd8c6d22d8582bdcd5226",12.98064034,77.59738188,"cubbon park","Park","cubbon park","null","Bangalore","Karnataka",0
"Bangalore","Park","Traffic Police Park","4d182b747c5b8eecffe8bbc6",12.97342478,77.60086656,"St. Marks Road","Park","St. Marks Road",560001,"Bangalore","Karnataka",0
"Basaveshwaranagar","Library","Basaveshwaranagar Public Library","55ce0417498ec858de8c4fa5",12.9924593,77.53156281,"8th Main (Basaveshwaranagar)","Library","8th Main",560079,"Bangalore","Karnataka",1
"Queens Road","Library","BIFT Professional Library","559d1704498e98163655f75b",12.99191165,77.59442734,"BIFT, 1st floor, Darussalam Building (Queen's Road)","Library","BIFT, 1st floor, Darussalam Building",560052,"Bangalore","Karnataka",1
"Kenchanahalli","Library","Just Books","4fad0128bb3d2d4e928789c2",12.93011651,77.51768589,"#478, 2nd Phase, Ideal Homes Township (Rajarajeshwarinagar)","Library","#478, 2nd Phase, Ideal Homes Township",560098,"Bangalore","Karnataka",0
"C.V.Raman Nagar","Library","NOOL Library","5401c1c5498e69efd3823937",12.98111577,77.66674089,"#8, First Floor, First Cross, Kaggadasapura, C.V. Raman Nagar","Library","#8, First Floor, First Cross, Kaggadasapura, C.V. Raman Nagar",560093,"Bangalore","Karnataka",2
"Nandhi Layout","Library","Nandhi layout library","517b695fe4b0a3334a95fe76",13.01152065,77.53753184,"Nandhi Layout","Library","Nandhi Layout","null","Bangalore","Karnataka",1
"Arabic College","Library","Embassy Library","5afa98465a2c91002c7f72cb",13.0492935,77.6192,"Bangalore 560045","Library","null",560045,"Bangalore","Karnataka",1
"Sarjapur Rd","Library","Just Books","4dfe02ec149599f28fcff216",12.91207234,77.68107835,"Sarjapur Rd","Library","Sarjapur Rd","null","Bangalore","Karnataka",2
"Kanakanagar","Library","Govt. Library","50757c9fe4b01d78866d9608",13.02619568,77.59369429,"R.T.Nagar 80 Feet Road (R.t Nagar Main Road)","Library","R.T.Nagar 80 Feet Road",560032,"Bangalore","Karnataka",1
"Jayanagar","Library","Just Books","4c45c4c2dcd61b8d02267d56",12.92275752,77.58295203,"5th Block, Jayanagar (38th Cross, 10th Main)","Library","5th Block, Jayanagar",560041,"Bangalore","Karnataka",0
"Basavanagudi","Convention Center","Indian Institute of World Culture","4c187ca04b8bd13a31744c83",12.94367446,77.57579742,"B P Wadia Road, Basavanagudi","Convention Center","B P Wadia Road, Basavanagudi","null","Bangalore","Karnataka",0
"Malleswaram","Library","Just Books CLC","4f1195ede4b03856f0766eea",13.00655984,77.5642788,"16th Cross, Malleswaram","Library","null",560003,"Bangalore","Karnataka",1
"Kalyan Nagar","Library","Kalyan Nagar Public Library","57ed1c14498ec1edad968aa8",13.019089,77.640628,"Near corner house (Kalyan Nagar)","Library","Near corner house","null","Bangalore","Karnataka",1
"EPIP","Library","Just Books clc","4cbd9b0e7148f04d5fdeedab",12.95599171,77.7237052,"28/1, RNR Complex, Tubarahall (Varthur Road)","Library","28/1, RNR Complex, Tubarahall",560066,"Bangalore","Karnataka",2
"Kanakanagar","Library","Club House","4c2efe8ca0ced13a19d20f6e",13.02308095,77.59905338,"Shriram White House, RT Nagar","Library","Shriram White House, RT Nagar",560032,"Bangalore","Karnataka",1
"EPIP","Library","Pioneer Library","4fe3077ae4b053fe13cddc0e",12.98445385,77.73645375,"1st Floor, Pioneer Building, ITPL (Padhandhur, Agrahara, Whitefield Road)","Library","1st Floor, Pioneer Building, ITPL",560066,"Bangalore","Karnataka",2
"Industrial","Library","Government Public Library","50feeb78e4b0c9eec3ca9f91",12.97873821,77.55312847,"Near Community Hall (12th Main, 6th Block, Rajajinagar,)","Library","Near Community Hall",560010,"Bangalore","Karnataka",0
"Agara","Library","Hippocampus","5233f971498ea8a768d815a6",12.929188,77.624329,"525 16th Main 3rd Block Kiramangala","Library","525 16th Main 3rd Block Kiramangala",560034,"Bangalore","Karnataka",0
"D Rajgopal Rd","Library","Mobile Library","4d83389b40a7a35dbeebf0bd",13.0336126,77.5760434,"D Rajgopal Rd, Raj Mahal Vilas 2nd Stage","Library","D Rajgopal Rd, Raj Mahal Vilas 2nd Stage","null","Bangalore","Karnataka",1
"Sampige Road","Library","Central Library","534e81d9498efcb7b74e1aa6",13.00002333,77.57128079,"8th Cross (Sampige Road)","Library","8th Cross","null","Bangalore","Karnataka",1
"Indira Nagar","Library","Just Books clc","508d013ce4b0d26217895a9e",12.97001408,77.63823946,"Indira Nagar (12th Main)","Library","Indira Nagar","null","Bangalore","Karnataka",0
"Chikkabettahalli","Library","Just Books","4e7ca4852c5bdc8a03b3160e",13.07903002,77.55967215,"Vidyaranyapura","Library","Vidyaranyapura",560097,"Bangalore","Karnataka",1
"Magadi Road","Library","Premier Home Appliances","502f3146e4b0c5182589b6fe",12.97657874,77.55617365,"Magadi Road","Library","Magadi Road","null","Bangalore","Karnataka",0
"Domlur","Library","Center For Education And Documentation","4ddc8b53887775ea9c441028",12.967088,77.635548,"No. 7, 8th main, 3rd phase (Domlur stage 2)","Library","No. 7, 8th main, 3rd phase",560071,"Bangalore","Karnataka",0
"Sampige Road","Library","Gupta Library","4ff1a6a0e4b08abf25192770",12.99400004,77.57250091,"3rd Cross (Sampige Road)","Library","3rd Cross","null","Bangalore","Karnataka",1
"Doorvaninagar","High School","Vidya Mandir","4d7e3ba664b84eb90896ba1a",13.00752657,77.68398285,"Ramamurthy Nagar Main Rd","High School","Ramamurthy Nagar Main Rd",560016,"Bangalore","Karnataka",2
"Sampangirama Nagar","High School","Sophia High School","4ce90f77f865370488bbb4c4",12.98522478,77.58849565,"Palace Rd, High Grounds, Sampangirama Nagar","High School","Palace Rd, High Grounds, Sampangirama Nagar","null","Bangalore","Karnataka",0
"Doddagubbi","School","United International School","5d85c43126fc6a000864871e",13.083684,77.65522,"Bangalore 560077","School","null",560077,"Bangalore","Karnataka",1
"VishwaShantiNagar","Middle School","Ratan Memorial School","55938e45498eb16266e3e10a",13.09873271,77.40931916,"VishwaShantiNagar (Nelamangala)","Middle School","VishwaShantiNagar",562123,"Bangalore","Karnataka",1
"HSR","School","Bangalore School Of Speech And Drama","5d94909aafa8a80008ba5a2b",12.913074,77.629005,"Bangalore school of speech and Drama (16th A cross, 3Main, sector 6, HSR layout)","School","Bangalore school of speech and Drama",560102,"Bangalore","Karnataka",0
"Doddanekkundi","School","Sri Chaitanya Techno School","5cb80717c21cb1002caf210b",12.946822,77.700884,"Bangalore 560037","School","null",560037,"Bangalore","Karnataka",2
"HSR","Nursery School","Little Millennium School","5c930ce69be522002cf7c3b1",12.91524,77.668192,"Shubh Enclave (Haralur Road)","Nursery School","Shubh Enclave",560102,"Bangalore","Karnataka",2
"Mount Literature Zee School","Swim School","Zee Swim Academy","5916e1d21bc704093183d83c",13.003294,77.74291,"Mount Literature Zee School (East No 40/123, SRB Gardenia,Kumbena Agrahara, Kad)","Swim School","Mount Literature Zee School",560967,"Bangalore","Karnataka",2
"Doddagubbi","Preschool","Clap","59aa6bd9febf314589999b3d",13.07025105,77.62129621,"Bangalore 560077","Preschool","null",560077,"Bangalore","Karnataka",1
"Gunjur","School","Sri Sri Ravishankar Vidya Mandir","502b3721e4b0a18c1832e053",12.90427745,77.73046251,"Gunjur Village (28,29, Kachamaranahalli, Gunjor Village, Varthur)","School","Gunjur Village",560087,"Bangalore","Karnataka",2
"Fraser Town","Nursery School","Chrysalis Hub","5080eafbe4b03db1752f40a9",12.994166,77.62544,"#80 Ramakrishnappa Road, Cox Town,","Nursery School","#80 Ramakrishnappa Road, Cox Town,",560005,"Bangalore","Karnataka",1
"Agara","School","LoLi-Fe-TaTo","5a9322f41de7652a113492c3",12.918049,77.636827,"#323, Sapphire, 4th Cross (HSR Layout Sector 5)","School","#323, Sapphire, 4th Cross",560034,"Bangalore","Karnataka",0
"Amruthahalli","School","Trio World Academy","505f2fe6e4b011bf1f7ca51c",13.05958625,77.58346466,"No. 3/5, Kodigehalli Main Road, Sahakar Nagar (Kodigehalli Main Rd, Sahakar Nagar)","School","No. 3/5, Kodigehalli Main Road, Sahakar Nagar",560092,"Bangalore","Karnataka",1
"Carmelram","High School","Notre Dame Academy School","5c7a35cfb9a5a8002c718bb2",12.884114,77.67978,"Choonasandra","High School","Choonasandra",560035,"Bangalore","Karnataka",2
"Royal placid","High School","Vibgyor High School","517b72ffe4b0e8b11727b3bc",12.8988529,77.65700406,"Royal placid","High School","Royal placid","null","Bangalore","Karnataka",2
"Bellandur","Tech Startup","Springboard","5bb1b6e0464d65002c34e6aa",12.928975,77.633038,"Viashnavi Signature, No 78/9","Tech Startup","Viashnavi Signature, No 78/9",560103,"Bangalore","Karnataka",0
"Sarjapur","High School","Indus International School","4bc9bc7b937ca5931332a692",12.83500497,77.77942808,"Billapura cross (Sarjapur)","High School","Billapura cross","null","Bangalore","Karnataka",2
"EPIP","Music School","Aamod Centre of Liberal Arts / Bangalore Institute of Music and Arts","5baf1ed9894eac002ccb0a6b",12.966222,77.733521,"Aamod Centre of Liberal Arts / 66/6, Nallurahalli Rd, Phase 1, Nallurhalli, Whitefield","Music School","Aamod Centre of Liberal Arts / 66/6, Nallurahalli Rd, Phase 1, Nallurhalli, Whitefield",560066,"Bangalore","Karnataka",2
"Sarjapur Road","High School","Delhi Public School Bangalore East","4d71be77ff6ba35dbedd638a",12.88422109,77.72610859,"Sarjapur Road","High School","Sarjapur Road","null","Bangalore","Karnataka",2
"Dommasandra","High School","Government High School","5d71dff9bb29a0000736d518",12.861798,77.784973,"Bangalore 562125","High School","null",562125,"Bangalore","Karnataka",2
"Amruthahalli","School","Sri Sri Ravishankar Balmandir","4f0952fde4b05dd3a414fcea",13.06514835,77.58436584,"609 (Sahakarnagar)","School",609,560092,"Bangalore","Karnataka",1
"Malleswaram","Elementary School","BP Indian","5185dd72498e8e931841baf5",13.00040424,77.56711659,"4th main, between 9th n 11th cross","Elementary School","4th main, between 9th n 11th cross","null","Bangalore","Karnataka",1
"C.V.Raman Nagar","School","Narayana E-Techno School","4fdc1471e4b0dce4ffec9e7d",12.98597722,77.66462702,"Near C V Raman Nagar Bus Stop (Kaggadasapura Main Road)","School","Near C V Raman Nagar Bus Stop",560093,"Bangalore","Karnataka",2
"Yelahanka","Driving School","Babuji Driving School","5678ac47498e2a89e8431e08",13.122003,77.626673,"#30/14 (3rd Cross, Shivashankar Layout, A.F.S Post, Yelaha)","Driving School","#30/14",560063,"Bangalore","Karnataka",1
"Bangalore","Mall","UB City","4bcd805cfb84c9b61512223e",12.97170898,77.59590528,"at Vittal Mallya Rd","Shopping Mall","at Vittal Mallya Rd",560001,"Bangalore","Karnataka",0
"Sadashivanagar","Spa","Affinity International Salon","4d95c0f39aec594174cf6164",13.00939027,77.57972145,"No.40/43, 8th Main Rd, 5th block (Sadashivanagar)","Spa","No.40/43, 8th Main Rd, 5th block",560080,"Bangalore","Karnataka","#N/A"
"Banaswadi","Used Auto Dealer","Street Cars Premium","5efb299d8055300008db932b",13.02197,77.62889,"Bangalore 560043","Used Auto Dealership","null",560043,"Bangalore","Karnataka",1
"G.K.V.K.","Mall","RMZ Galleria Mall","550ab597498e7baec3dda841",13.0943365,77.59486,"Yelahanka New Town (Opp. Yelahanka Police Station)","Shopping Mall","Yelahanka New Town",560065,"Bangalore","Karnataka",1
"Bannerghatta Road","Sporting Goods","Decathlon Sports India Pvt Ltd","4f09811be4b0aa2dc772faee",12.88751304,77.59771185,"1st Flr, Raj Alkaa Park (Bannerghatta Road)","Sporting Goods Shop","1st Flr, Raj Alkaa Park",560076,"Bangalore","Karnataka",0
"Hoodi","Mall","Forum Shantiniketan Mall","5b6d42b8b54618002c6bde07",12.98962565,77.72821977,"Prestige Shantiniketan","Shopping Mall","Prestige Shantiniketan",560048,"Bangalore","Karnataka",2
"Bellandur","Health Food Store","Grab N Go","5cdbd2c7dd12f8002c31c6df",12.936813,77.6886,"Bangalore 560103","Health Food Store","null",560103,"Bangalore","Karnataka",2
"Fraser Town","Residential","Victory Ashoka Enclave","50403f1fe4b0374347de6b7c",13.00033443,77.61145592,"12 Netaji Road, Fraser Town","Residential Building (Apartment / Condo)","12 Netaji Road, Fraser Town","560 005","Bangalore","Karnataka",1
"Benson Town","Department Store","More","4be6a48bbcef2d7fb25205e5",12.99971945,77.59942682,"no. 11, 1st Main, (Jayamahal Extension)","Department Store","no. 11, 1st Main,",560046,"Bangalore","Karnataka",1
"Vital Mallya Road","Gas Station","Shell Petrol Pump","4e7060d2483b9778fd3aec59",12.97128689,77.5969842,"Vital Mallya Road","Gas Station","Vital Mallya Road","null","Bangalore","Karnataka",0
"Devanagundi","Supermarket","Rolla Hypermarket","5b431e5925fb7b002c324cbb",13.012788,77.760908,"Seegehalli Bus Stop","Supermarket","Seegehalli Bus Stop",560067,"Bangalore","Karnataka",2
"Bangalore","Gas Station","Shell","4c49735b567776b092a9e187",12.97125206,77.59711646,"Vittal Mallya Road","Gas Station","Vittal Mallya Road",560001,"Bangalore","Karnataka",0
"Fraser Town","Gas Station","HP Petrol Pump","4e7b4df245dd40a077057f25",12.99588278,77.61149881,"Coles Road (Frazer Town)","Gas Station","Coles Road",560005,"Bangalore","Karnataka",1
"Sivan Chetty Gardens","Market","Commercial Street","4c0120e375fc9521c7db4898",12.98204207,77.60732743,"Shivajinagar","Market","Shivajinagar",560042,"Bangalore","Karnataka",0
"Malleswaram West","Mall","Orion Mall","4f1869c7e4b0ebf9e4ae9134",13.01131324,77.55503924,"#26/1 (Dr. Rajkumar Rd, Rajajinagar)","Shopping Mall","#26/1",560055,"Bangalore","Karnataka",1
"Malleswaram","Mall","Mantri Square","4b8d02aff964a52035e432e3",12.99157597,77.5710854,"#1, Sampige Road, Malleswaram (Sampige Road)","Shopping Mall","#1, Sampige Road, Malleswaram",560003,"Bangalore","Karnataka",1
"Chickpet","Shop","Sachin Light House","4d312efb8250f04d7a5de7e0",12.97286434,77.57320052,"92/1 lakshman rao road (Chickpet)","Miscellaneous Shop","92/1 lakshman rao road",560053,"Bangalore","Karnataka",0
"Koramangala VI Bk","Used Bookstore","Book Fair","5fda3eb464a7f55b627f1ab7",12.937505,77.61892,"M. Munireddy Eramma Kalyana Mantapa Circle, (KORAMANGALA 6th Block,)","Used Bookstore","M. Munireddy Eramma Kalyana Mantapa Circle,",560095,"Bangalore","Karnataka",0
"kasavanahalli","Department Store","Aishwarya Value Mart","4dfe08cc18a8eee4fe421b87",12.90402451,77.67587257,"Opp La Casa (kasavanahalli main road)","Department Store","Opp La Casa","null","Bangalore","Karnataka",2
"Bsk 3rd Stage","Electronics","Croma","4e819ec1f79047b5689530dc",12.9241292,77.55299828,"100 Ft Ring Road (Bsk 3rd Stage)","Electronics Store","100 Ft Ring Road","null","Bangalore","Karnataka",0
"T.C Palya","Convenience Store","Reliance Fresh","4ed476e4e3007ce6d72c5124",13.02255436,77.69637162,"T.C Palya","Convenience Store","T.C Palya","null","Bangalore","Karnataka",2
"Basavanagudi","Apparel","Sri Balaji Creation's","5fdf403cf7231750b6b50070",12.944546,77.57156,"Bangalore 560004","Clothing Store","null",560004,"Bangalore","Karnataka",0
"Nagarbhavi","Market","M K Ahmed super market","4ea2b307cc2102b34d1ab1ae",12.96082183,77.50693137,"nagarbhavi 13 block","Market","null",560072,"Bangalore","Karnataka",0
"Dommasandra","Department Store","Dmart","5d86314d0ad7eb0008bd314e",12.861114,77.7777,"Bangalore 562125","Department Store","null",562125,"Bangalore","Karnataka",2
"HSR","Home Services","Videotech Electronics Repair Shop","5fd9f73e70334509b9c45468",12.91979,77.64926,"152/1, 1st Floor, Shankar Reddy Complex, Beside Thirumala Theatre, (AGARA, HSR Layout 24th Main)","Home Service","152/1, 1st Floor, Shankar Reddy Complex, Beside Thirumala Theatre,",560102,"Bangalore","Karnataka",2
"G.K.V.K.","Grocery Store","Foodworld","59359167f2905e389a00a4f9",13.07586825,77.63691376,"FoodWorld, Sobha City (Thanisandra Main Rd,)","Grocery Store","FoodWorld, Sobha City",560065,"Bangalore","Karnataka",1
"Amrutha College Road","Bank","HDFC Bank ATM","5303a0d411d2eac30b632fcd",12.9073,77.6755,"15 / 3A, Opp. Occanus Monarda, Amrutha College Road","Bank","15 / 3A, Opp. Occanus Monarda, Amrutha College Road","null","Bangalore","Karnataka",2
"Adugodi","Department Store","Star Bazaar","4c13428ff1e0b713a39e34bc",12.93695561,77.61070868,"Koramangala (Hosur Road)","Department Store","Koramangala",560030,"Bangalore","Karnataka",0
"Bannerghatta Road","Mall","Vega City Mall","4f6888e0e4b053c516daee68",12.907603,77.60114,"Bangalore 560076","Shopping Mall","null",560076,"Bangalore","Karnataka",0
"MG Road","Mall","1 MG Road","4f884376e4b002b90a20c1b3",12.97347602,77.62013653,"1, MG Road","Shopping Mall","1, MG Road","null","Bangalore","Karnataka",0
"Arabic College","Mall","Elements Mall","516e49bee4b06d961129636d",13.04505908,77.62685199,"Thanisandra Main Road","Shopping Mall","Thanisandra Main Road",560045,"Bangalore","Karnataka",1
"Kanakanagar","Pet Store","Shreenidhi Vet Pharma","4f981be1a17cf4e1f936075b",13.0272098,77.58592129,"#49, Bellary Road, Ganganagar, R T Nagar","Pet Store","#49, Bellary Road, Ganganagar, R T Nagar",560032,"Bangalore","Karnataka",1
"Seshadripuram","Bank","Corporation Bank","50e261e7e4b0bc86bb3ddbc1",12.99390803,77.57208115,"South End Road, Mill Corner (Sheshadripuram PO, Malleshwaram)","Bank","South End Road, Mill Corner",560020,"Bangalore","Karnataka",1
"Devasandra","Convenience Store","more.","510c034ae4b0ae024047ac5b",13.02339086,77.69565438,"Anandapura, TC Palya Main Road (KR Puram)","Convenience Store","Anandapura, TC Palya Main Road",560036,"Bangalore","Karnataka",2
"Lavelle Road","Gas Station","Shell Fuel Station","4e16db1445ddc623eb0c9f50",12.97125537,77.59719792,"Lavelle Road","Gas Station","Lavelle Road","null","Bangalore","Karnataka",0
"Jayangar III Block","Grocery Store","Simpli Namadharis","5d596c002605c800085d7ea8",12.939538,77.58543,"Bangalore 560011","Grocery Store","null",560011,"Bangalore","Karnataka",0
"Chikkalasandra","Market","Star Bazzar","5635cf30498eb65f53aff0a8",12.89970248,77.5606838,"I S R O Layout","Market","I S R O Layout",560061,"Bangalore","Karnataka",0
"Jayangar III Block","Department Store","MP Departmental Stores","50c6e880e4b0c8e85a4dae5c",12.93987773,77.58311033,"8th cross","Department Store","null",560011,"Bangalore","Karnataka",0
"Austin Town","Grocery Store","North East Food Court","5fd0f1f4e975262b82205c21",12.9457855,77.62887,"Bangalore 560047","Grocery Store","null",560047,"Bangalore","Karnataka",0
"Fraser Town","Grocery Store","Smookah","5e11e01d5b5d2e0008a1dcbc",12.995671,77.61104,"Bangalore 560005","Grocery Store","null",560005,"Bangalore","Karnataka",1
"ISRO Anthariksha Bhavan","Grocery Store","The Bay Store","5d596f45d2d99a0008235543",13.044539,77.571703,"Tower-6, Pebble Bay (1st Main Road, RMV II Stage)","Grocery Store","Tower-6, Pebble Bay",560094,"Bangalore","Karnataka",1
"Koramangala VI Bk","Grocery Store","Namdhari's Fresh","4c3c470386ce328ff278ab2d",12.93845312,77.62613591,"Bangalore 560095","Grocery Store","null",560095,"Bangalore","Karnataka",0
"Rajarajeshwari Nagar","Grocery Store","Fresh Basket","5798da5d498e2bdcd1d382ac",12.928299,77.518047,"Ideal Homes (Rajarajeshwari Nagar)","Grocery Store","Ideal Homes","null","Bangalore","Karnataka",0
"Chickpet","Department Store","Manak Mewa Stores","5134bb4be4b0c8270698cbbb",12.97037223,77.57805288,"No:19 (Huriupete Rd, Anchepet, Chickpete)","Department Store","No:19",560053,"Bangalore","Karnataka",0
"Adugodi","Grocery Store","Family Supermarket","58ac20ab739d855978a8899d",12.943099,77.598755,"Bangalore 560030","Grocery Store","null",560030,"Bangalore","Karnataka",0
"Basaveshwaranagar","Department Store","Daily Mart","512a2779e4b089fc423f3fc3",12.99122756,77.53456454,"Basaveshwaranagar (8th Main Road)","Department Store","Basaveshwaranagar",560079,"Bangalore","Karnataka",1
"H.A.L II Stage","Grocery Store","Spencers","4b83e2bbf964a5202d1531e3",12.9737238,77.64693354,"80 Feet Road (80 ft rd)","Grocery Store","80 Feet Road",560008,"Bangalore","Karnataka",2
"Jayangar III Block","Grocery Store","Namdhari's Fresh","4eab909a30f823f86e5d93a7",12.92319664,77.58496411,"10th Main Road, Jayanagar 4th Block (36th Cross)","Grocery Store","10th Main Road, Jayanagar 4th Block",560011,"Bangalore","Karnataka",0
"HSR","Grocery Store","Happy Land","5c1e0cf6bfc6d0002cbbaab3",12.906432,77.663569,"Haralur Road","Grocery Store","Haralur Road",560102,"Bangalore","Karnataka",2
"Doddagubbi","Grocery Store","All Market","5df62b04ec03e40007d72c1b",13.068383,77.629234,"Bangalore 560077","Grocery Store","null",560077,"Bangalore","Karnataka",1
"Begur","Supermarket","More Megastore","5997dbcf66f3cd6c73e63774",12.916343,77.671233,"Total Mall (Sarjapur Road)","Supermarket","Total Mall",560068,"Bangalore","Karnataka",2
"Benson Town","Grocery Store","Misbah Mini Store","5e0df3dc8cff710008152afd",13.001646,77.59485,"Bangalore 560046","Grocery Store","null",560046,"Bangalore","Karnataka",1
"J P Nagar","Grocery Store","Namdhari's Fresh","5ad8b5c4356b4901d928ee79",12.89184,77.57974,"Bangalore 560078","Grocery Store","null",560078,"Bangalore","Karnataka",0
"Ideal Homes Township","Grocery Store","Laxmi Super Market","56f10392498e142278328e6a",12.92396691,77.51846141,"Ideal Homes Township","Grocery Store","Ideal Homes Township","null","Bangalore","Karnataka",0
"Kenchanahalli","Grocery Store","More Supermarket","5b817a2f97cf5a002cdfea28",12.9210415,77.52035,"Bangalore 560098","Grocery Store","null",560098,"Bangalore","Karnataka",0
"Kanakanagar","Grocery Store","Namdhari's Fresh","4c55397afd2ea593970a5d2b",13.0206561,77.5928743,"RT Nagar (Taralabalu Rd)","Grocery Store","RT Nagar",560032,"Bangalore","Karnataka",1
"Sahakara Nagar","Grocery Store","Reliance Fresh","4c80a5882f1c236a42972843",13.06348309,77.59073353,"G-block, Byatarayanapura, Sahakara Nagar","Grocery Store","G-block, Byatarayanapura, Sahakara Nagar","null","Bangalore","Karnataka",1
"Whitefield","Grocery Store","Namdharis","50ab8810e4b0ade3442f752f",12.97494464,77.75083253,"Whitefield Main Rd","Grocery Store","Whitefield Main Rd","null","Bangalore","Karnataka",2
"J P Nagar","Grocery Store","Margin Free Supermarket","5f09a8d167564371a9c12747",12.877188,77.581052,"Kothnur Dinne Road","Grocery Store","Kothnur Dinne Road",560078,"Bangalore","Karnataka",0
"Sarjapura Road","Grocery Store","food world","52a2e2ab11d249c2f925e4dd",12.91195993,77.68089383,"Sarjapura Road","Grocery Store","Sarjapura Road","null","Bangalore","Karnataka",2
"Bannerghatta Road","Grocery Store","Green House","5b0d32aa1b0ea5002cb2e1b8",12.859238,77.612032,"Opp SNN Raj Serenity (Begur Koppa Rd. Yelenahalli)","Grocery Store","Opp SNN Raj Serenity",560076,"Bangalore","Karnataka",0
"HSR","Grocery Store","Food Basket","59c0c4c561f07020cee16551",12.909142,77.63978,"Bangalore 560102","Grocery Store","null",560102,"Bangalore","Karnataka",0
"Hoodi","Grocery Store","Nilgiris","5842ca8602b60e0ddc847bbc",12.9781065,77.69856,"Bangalore 560048","Grocery Store","null",560048,"Bangalore","Karnataka",2
"Indiranagar","Grocery Store","Namdhari's Fresh","4e36b781b0fb59390eabb4ff",12.97020821,77.64078501,"Indiranagar (12th Main)","Grocery Store","Indiranagar","null","Bangalore","Karnataka",0
"Bannerghatta Road","Department Store","Benison Super Market","4c026437096ed13ae0b57926",12.88466849,77.59467772,"Arekere (Bannerghatta Road)","Department Store","Arekere",560076,"Bangalore","Karnataka",0
"CMP Centre And School","Grocery Store","Namdhari Fresh","4c962b1a6b35a14386422bdc",12.95974856,77.60273679,"Langford Road","Grocery Store","Langford Road",560025,"Bangalore","Karnataka",0
"Sahakara Nagar","Supermarket","The Big Market","4c0a79b0340720a101718693",13.06269101,77.59293326,"Sahakara Nagar","Supermarket","Sahakara Nagar","null","Bangalore","Karnataka",1
"Attur","Grocery Store","The Big Market","5eb9364ad00e1800086d1e49",13.145387,77.56953,"Sree Sai Layout, Doddaballapur Main Road (Yelahanka)","Grocery Store","Sree Sai Layout, Doddaballapur Main Road",560064,"Bangalore","Karnataka",1
"Whitefield","Gourmet","Good Food Store","51cd92ec498eb5ea320a7ba9",13.05169889,77.74849674,"Whitefield","Gourmet Shop","Whitefield","null","Bangalore","Karnataka",2
"ISRO Anthariksha Bhavan","Grocery Store","Smart","4f6577c7e4b0c65cc53f3fbd",13.034659,77.575471,"Sanjaynagar (Rajgopal Road)","Grocery Store","Sanjaynagar",560094,"Bangalore","Karnataka",1
"Kengeri Satellite Town","Grocery Store","Food World","4ed25da777c8ea62fe69da60",12.92486675,77.48695405,"Kengeri Satellite Town","Grocery Store","Kengeri Satellite Town","null","Bangalore","Karnataka",0
"Sivan Chetty Gardens","Grocery Store","Green Life Organic Store","52845dbf11d2d0a6ede79e39",12.92065592,77.58649224,"Jayanagar 4 T Block","Grocery Store","Jayanagar 4 T Block",560042,"Bangalore","Karnataka",0
"R.T.Nagar","Grocery Store","Sri Shanti Agencies","51d923a0498e4254d0327de8",13.02328959,77.59263108,"R.T.Nagar Main Road","Grocery Store","R.T.Nagar Main Road","null","Bangalore","Karnataka",1
"Sultanpalya","Grocery Store","Smart","4c27054f905a0f4795566460",13.02394992,77.60303334,"Sultanpalya Main Rd","Grocery Store","Sultanpalya Main Rd","null","Bangalore","Karnataka",1
