"Neighborhood","Venue Category","Venue","id","location_address","location_crossStreet","Neighborhood_Latitude","Neighborhood_Longitude","location_postalCode","location_city","location_state","location_country","location_formattedAddress","categories_name","categories_pluralName","categories_shortName"
"HiTech City","Movie Theater","PVR Cinemas","54490b7a498e934ca695dabd","Inorbit","Madhapur",17.43424473,78.38676275,500081,"Hyderabad","Telangana","India","Inorbit (Madhapur)","Movie Theater","Movie Theaters","Movie Theater"
"Kukatpally","Cineplex","Cin�polis�","51b6d645498ebc5ae1f840d7","Manjeera-Trinity Mall, JNTU Road","KPHB, KUKATPALLY",17.48999808,78.392849,500072,"Hyderabad","Telangana","India","Manjeera-Trinity Mall, JNTU Road (KPHB, KUKATPALLY)","Multiplex","Multiplexes","Cineplex"
"I.M.Colony","Cineplex","PVR Cinemas","4bfc166ae9d8c9285306b2c7","The Hyderabad Central Mall, Panjagutta","null",17.42651605,78.45326123,500082,"Hyderabad","Telangana","India","The Hyderabad Central Mall, Panjagutta","Multiplex","Multiplexes","Cineplex"
"Kukatpally","Cineplex","PVR Cinemas","54317905498ed37e3c280c0e","Forum Mall","Kukatpally",17.48385842,78.38887729,500072,"Hyderabad","Telangana","India","Forum Mall (Kukatpally)","Multiplex","Multiplexes","Cineplex"
"Hyderabad Jubilee","Landmark","Charminar","4e1d712415207c4cbec540bd","Old City","null",17.36155458,78.47467661,500002,"Hyderabad","Telangana","India","Old City","Monument / Landmark","Monuments / Landmarks","Landmark"
"Chandanagar","Cineplex","Inox","5d3741ad34b8080008f877f7","null","null",17.49627,78.335724,500050,"Hyderabad","Telangana","India","Hyderabad 500050","Multiplex","Multiplexes","Cineplex"
"I.M.Colony","Cineplex","Pvr Next Galleria Palyhouse Mall","5a8c515fe1f0aa07a180302c","Opp Punjaguta Metro Station, Srinagar Colony Ameerpet Road","Opp Punjaguta Metro Station",17.429289,78.450195,500082,"Hyderabad","Telangana","India","Opp Punjaguta Metro Station, Srinagar Colony Ameerpet Road (Opp Punjaguta Metro Station)","Multiplex","Multiplexes","Cineplex"
"Srinagar Colony","Cineplex","Big Cinemas","4bd14ed8caff95210588d0f0","Big Bazaar","Ameerpet",17.43044427,78.44836113,"null","Hyderabad","Telangana","India","Big Bazaar (Ameerpet)","Multiplex","Multiplexes","Cineplex"
"LIC Division","Cineplex","Prasad's IMAX","4b72b33bf964a52054842de3","NTR Gardens, LIC Division P.O., Tank Bund Rd, Hussain Sagar","Khairatabad",17.41305354,78.46557776,500063,"Hyderabad","Telangana","India","NTR Gardens, LIC Division P.O., Tank Bund Rd, Hussain Sagar (Khairatabad)","Multiplex","Multiplexes","Cineplex"
"Kachiguda X Roads","Cineplex","Inox Maheshwari Paremeshwari","507a6f13e4b08ed64815dbfb","Big Bazaar, Kachiguda X Roads","Above Big Bazar",17.39072803,78.4883524,"null","Hyderabad","Telangana","India","Big Bazaar, Kachiguda X Roads (Above Big Bazar)","Multiplex","Multiplexes","Cineplex"
"Banjara Hills","Cineplex","PVR Cinemas","4bc9da630687ef3b3f96dacc","Opp LV Prasad Eye Hosipital, Banjara Hills","Rd No 2",17.42357664,78.42785608,"null","Hyderabad","Telangana","India","Opp LV Prasad Eye Hosipital, Banjara Hills (Rd No 2)","Multiplex","Multiplexes","Cineplex"
"Kondapur","Movie Theater","Amb Cinemas","5c0413f7724750002cd8f006","Kondapur","null",17.45737933,78.36372273,500084,"Hyderabad","TG","India","Kondapur","Movie Theater","Movie Theaters","Movie Theater"
"Dilsukhnagar","Cineplex","Asian Shiva ganga","521dc53f11d2e4a985bf89e4","Survey No.102, Near City Bus Stop, Kalyan Nagar, Dilsukhnagar","null",17.36112224,78.52321513,500060,"Hyderabad","Telangana","India","Survey No.102, Near City Bus Stop, Kalyan Nagar, Dilsukhnagar","Multiplex","Multiplexes","Cineplex"
"Banjara Hills","Cineplex","INOX Movies","4bf8d00fb182c9b68526785a","GVK One, Banjara Hills","Rd No 1",17.41939139,78.44811874,500034,"Hyderabad","Telangana","India","GVK One, Banjara Hills (Rd No 1)","Multiplex","Multiplexes","Cineplex"
"I.M.Colony","Mall","Hyderabad Central","4b443250f964a52091f225e3","Punjagutta Circle","Punjagutta",17.42638641,78.45278617,500082,"Hyderabad","Telangana","India","Punjagutta Circle (Punjagutta)","Shopping Mall","Shopping Malls","Mall"
"RTC X ROADS","Movie Theater","Devi 70 MM","4cee68185de16ea83896bb96","RTC X ROADS","null",17.40632866,78.49540915,"null","Hyderabad","Telangana","India","RTC X ROADS","Movie Theater","Movie Theaters","Movie Theater"
"Malakpet Colony","Cineplex","Pvr Cinemas","5cceaa45326fb10038f2dd26","null","null",17.371461,78.509652,500036,"Hyderabad","TG","India","Hyderabad 500036","Multiplex","Multiplexes","Cineplex"
"I.M.Colony","Cineplex","Pvr Irrum Manzil","5c25af9193bd63002cb7d4e0","null","null",17.420914,78.455236,500082,"Hyderabad","TG","India","Hyderabad 500082","Multiplex","Multiplexes","Cineplex"
"Langer Houz","Indie Movies","Pratap Theatre","5245443e11d20c55b6a73cfd","Langer Houz","null",17.376504,78.419594,"null","Hyderabad","null","India","Langer Houz","Indie Movie Theater","Indie Movie Theaters","Indie Movies"
"Ashoknagar","Movie Theater","Sudharshan Theatre 35mm","4c9485c90341370495d872ef","RTC X ROAD","null",17.40652963,78.49515002,500020,"Hyderabad","Telangana","India","RTC X ROAD","Movie Theater","Movie Theaters","Movie Theater"
"Charminar","Zoo","Nehru Zoological Park","4c4269da520fa593d043cbac","Zoo Park Main Rd, Charminar","null",17.3507778,78.45139601,"null","Hyderabad","Telangana","India","Zoo Park Main Rd, Charminar","Zoo","Zoos","Zoo"
"Shamshabad","Historic Site","Sri SitaRama Chandra Swamy Temple","55041af2498e1f2b3855aa24","Ammapalli","Shamshabad",17.257191,78.345492,"null","Hyderabad","Telangana","India","Ammapalli (Shamshabad)","Historic Site","Historic Sites","Historic Site"
"Khairatabad","Historic Site","Buddha statue","4c878ecb9062ef3b665940c6","Hussain Sagar Lake","Tank Bund",17.415596,78.474976,500029,"Hyderabad","Telangana","India","Hussain Sagar Lake (Tank Bund)","Historic Site","Historic Sites","Historic Site"
"Ameerpet","Dance Studio","Sarathi Studios","4c1ef22d63750f474f88ba67","Yousufguda Road","Ameerpet",17.43561603,78.4414494,"null","Hyderabad","Telangana","India","Yousufguda Road (Ameerpet)","Dance Studio","Dance Studios","Dance Studio"
"Fatehdarwaza","Theater","Sudha Cinepolis","5ae29faf033693002c3f736e","Bela","Gowlipura",17.350346,78.4746,500065,"Hyderabad","Telangana","India","Bela (Gowlipura)","Theater","Theaters","Theater"
"Banjara Hills","Entertainment","Welfare And Cultural Club Mla's Colony","509b2a10e4b0f0f523aa4265","Mla's Colony Banjara Hills Rd-12","null",17.41063309,78.4229694,500034,"Hyderabad","Telangana","India","Mla's Colony Banjara Hills Rd-12","General Entertainment","General Entertainment","Entertainment"
"Mahatma Gandhi Road","Arcade","Park Lane","4bc939a368f976b06e1a5d83","Park Lane","Mahatma Gandhi Road",17.43954657,78.48963261,"null","Hyderabad","Telangana","India","Park Lane (Mahatma Gandhi Road)","Arcade","Arcades","Arcade"
"Opp To Indra Park","Stadium","NTR Stadium","4f8240f8e4b01cf8243c8e5b","Opp To Indra Park","null",17.41047794,78.48561961,"null","Hyderabad","Telangana","India","Opp To Indra Park","Stadium","Stadiums","Stadium"
"Tolichowki","Entertainment","M.F garden","4e0745d1a809495e6197ba85","Tolichowki","null",17.40247601,78.41290716,"null","Hyderabad","Telangana","India","Tolichowki","General Entertainment","General Entertainment","Entertainment"
"yousufguda","Stadium","Kotla Vijayabhaskar Reddy Stadium","4e1063b98877ac23b6576384","yousufguda","null",17.43421953,78.42727276,"null","Hyderabad","Andhra Pradesh","India","yousufguda","Stadium","Stadiums","Stadium"
"Srinagar colony","Concert Hall","Sri Satya Sai Nigamagamam","4c3b248a5810a5938821ba3c","Srinagar colony","null",17.42956518,78.43556649,"null","Hyderabad","Telangana","India","Srinagar colony","Concert Hall","Concert Halls","Concert Hall"
"Gachibowli","Performing Arts","Global Peace Auditorium","4ec8b15c722e143797d57682","Gachibowli","null",17.43721038,78.35248525,"null","Hyderabad","Telangana","India","Gachibowli","Performing Arts Venue","Performing Arts Venues","Performing Arts"
"Chandanagar","Stadium","P J R Stadium","4e40859c2271a89dd0847f98","Chandanagar","null",17.4888336,78.32459826,"null","Hyderabad","Telangana","India","Chandanagar","Stadium","Stadiums","Stadium"
"LIC Division","Planetarium","Birla Science Center & Museum","4d0ddd35d515236afcbf0f4b","Near Birla Temple, Adarsh Nagar","Hill Fort Road",17.39164502,78.47010774,500063,,,,"Near Birla Temple, Adarsh Nagar (Hill Fort Road)","Planetarium","Planetariums","Planetarium"
"Moti Gali, Charminar","History Museum","Chowmahala Palace","4cc19bfb67a3b1f77a8dc90e","Moti Gali, Charminar","null",17.35929974,78.47161741,"null",,,,"Moti Gali, Charminar","History Museum","History Museums","History Museum"
"Hafzalgunj","History Museum","Salar Jung Museum","4bc95d44fb84c9b6d5101b3e","Hafzalgunj","null",17.37177288,78.48063609,"null",,,,"Hafzalgunj","History Museum","History Museums","History Museum"
"Masabtank","Art Museum","tribal museum","511d2b71e4b05f03e28db94d","Masabtank","null",17.31754627,78.56785125,"null",,,,"Masabtank","Art Museum","Art Museums","Art Museum"
"Tank Bund","Planetarium","Birla Planetarium","511de9e3e4b06a8712e13153","Birla Temple Area, Tank Bund","Tank Bund Road",17.40596541,78.47101243,"null",,,,"Birla Temple Area, Tank Bund (Tank Bund Road)","Planetarium","Planetariums","Planetarium"
"Pathar Gatti","History Museum","Nizam's Museum","516043f1fe706bf2b8e744a8","Purani Haveli Road, Purani Haveli, Pathar Gatti","null",17.36678452,78.48300024,50002,,,,"Purani Haveli Road, Purani Haveli, Pathar Gatti","History Museum","History Museums","History Museum"
"Salar Jung","History Museum","western block salar jung museum","532d508e498e781e7399d481","Salar Jung Hyderabad","null",17.37126405,78.48037525,"null",,,,"Salar Jung Hyderabad","History Museum","History Museums","History Museum"
"Bahadurpura","Museum","Sudha Cars Museum","4ef9baab469012b8c2eea5e8","Bahadurpura","null",17.35728778,78.45433261,"null",,,,"Bahadurpura","Museum","Museums","Museum"
"KundanBagh","Tennis Court","Tennis Court","500aa355e4b0114578ab5d6a","Near Begumpet Railway Station","KundanBagh",17.43876343,78.45599794,"null",,,,"Near Begumpet Railway Station (KundanBagh)","College Tennis Court","College Tennis Courts","Tennis Court"
"KPHB","Academic Building","JNTU","4c7b11ee93ef236ae2bcb40f","KPHB","null",17.49559813,78.39496815,"null",,,,"KPHB","College Academic Building","College Academic Buildings","Academic Building"
"Ameerpet","Education","Maitrivanam","4bc6cfa2db8fa59382dd9c37","Ameepet","Ameerpet",17.43694227,78.44460655,534341,,,,"Ameepet (Ameerpet)","General College & University","General Colleges & Universities","Education"
"Gachibowli","Education","IIIT Hyderabad","4d3ba49f05b8721ed63a8537","Gachibowli","null",17.44584905,78.35010142,500032,,,,"Gachibowli","General College & University","General Colleges & Universities","Education"
"Gagan Mahal","Auditorium","A.V. College Auditorium","4e6850ca483bc776306142a9","Gagan Mahal","Domalguda",17.41473735,78.47976478,500029,,,,"Gagan Mahal (Domalguda)","College Auditorium","College Auditoriums","Auditorium"
"Road No 36, Jubilee Hills","College Bookstore","Odyssey","4cf10901d29b2d437180f0bb","Road No 36, Jubilee Hills","null",17.42985006,78.41166875,"null",,,,"Road No 36, Jubilee Hills","College Bookstore","College Bookstores","College Bookstore"
"Rajendranagar","University","College of veterinary science hyderabad","509745fae4b03898b124c23f","Rajendranagar","null",17.33180211,78.39790081,"null",,,,"Rajendranagar","University","Universities","University"
"Near Vardhaman Engineering college","Stadium","Vardhamaan College Of Engineering Cricket Ground","51ce4a1a498e7a1143a6a13f","Near Vardhaman Engineering college","null",17.2599,78.3232,"null",,,,"Near Vardhaman Engineering college","College Stadium","College Stadiums","Stadium"
"Darushifa","Technology","Nawab Shah Alam Khan College Of Engineering And Technology","501e0aa6e4b090f3fb9ebadd","New Malakpet","null",17.37370321,78.49142416,500024,,,,"New Malakpet","College Technology Building","College Technology Buildings","Technology"
"patelguda","Engineering","Visvesvaraya College Of Engg & Tech","4d12ea8a957fa1cd9baf719f","bonguloor,","patelguda",17.22373009,78.5877049,510501,,,,"bonguloor, (patelguda)","College Engineering Building","College Engineering Buildings","Engineering"
"Ambernagar","Student Center","Sri Vidya Secondary School","4ed20b106d86bf39f2f13387","2-2-1105/26/1 , Tilak Nagar","New Nallakunta",17.3917649,78.50884706,500044,,,,"2-2-1105/26/1 , Tilak Nagar (New Nallakunta)","Student Center","Student Centers","Student Center"
"Narayanguda","Math","Narayana Junior College","4e9fc359e5fa13c70e3d81bc","Narayanguda Rd, Narayanguda, Hyderabad, Andhra Pradesh","null",17.3989991,78.492252,"null",,,,"Narayanguda Rd, Narayanguda, Hyderabad, Andhra Pradesh","College Math Building","College Math Buildings","Math"
"Banjara Hills","Education","Amity College","4c20344482109c74d743d459","Road number 11","Banjara Hills",17.41261367,78.44805867,"null",,,,"Road number 11 (Banjara Hills)","General College & University","General Colleges & Universities","Education"
"Sanjeev Reddy Nagar","Academic Building","Sr Nagar Ed Mira Ielts,Pte, Spoken English","59dc5382db1d81662019c208","3rd floor,v s Rangarao,above apollo clinic,lane opposite.","sr Nagar community hall.",17.441488,78.44539,500038,,,,"3rd floor,v s Rangarao,above apollo clinic,lane opposite. (sr Nagar community hall.)","College Academic Building","College Academic Buildings","Academic Building"
"Gachibowli","Gym","F45 Training Gachibowli","5736a63d498e2f6dc3606db3","4th Floor","Beginning Of Gachibowli Flyover",17.43493468,78.36745831,"null",,,,"4th Floor (Beginning Of Gachibowli Flyover)","College Gym","College Gyms","Gym"
"Gachibowli","Cafeteria","Kapil Tower","5795c73d498e6d29555b8973","near Essar petrol bunk","isb road, Gachibowli",17.421772,78.33868,500032,,,,"near Essar petrol bunk (isb road, Gachibowli)","College Cafeteria","College Cafeterias","Cafeteria"
"Begumpet","Academic Building","St. Francis College for Women","4c04fb6258dad13a025d4897","Begumpet","Street Number 6, Uma Nagar",17.43726912,78.461169,500016,,,,"Begumpet (Street Number 6, Uma Nagar)","College Academic Building","College Academic Buildings","Academic Building"
"Moinabad","Engineering","JBIT Engineering College","4cb28a4f9b34199c1d59b963","Moinabad","null",17.33108254,78.29794912,"null",,,,"Moinabad","College Engineering Building","College Engineering Buildings","Engineering"
"Gachibowli","University","University of Hyderabad","4c0c88156c04b71313ff4f05","Gachibowli","null",17.45615361,78.3353916,500046,,,,"Gachibowli","University","Universities","University"
"Koti","Student Center","St.Joseph High School","4ee8458c775b712265e2ded3","Koti","null",17.39310652,78.48596367,"null",,,,"Koti","Student Center","Student Centers","Student Center"
"Kondakal post","Education","Indus international school","4ea685c6b634bda7874cc26e","Kondakal post","Near mokila",17.44927439,78.16328766,501203,,,,"Kondakal post (Near mokila)","General College & University","General Colleges & Universities","Education"
"Musheerabad","Medical School","Gandhi Hospital","4d7082d668276ea85c238990","Musheerabad","null",17.42399854,78.50192256,"null",,,,"Musheerabad","Medical School","Medical Schools","Medical School"
"Osmania University","Arts","Art College Osmania University","4f3cb6dbe4b022e41d0de539","Osmania University","null",17.41827263,78.52669938,"null",,,,"Osmania University","College Arts Building","College Arts Buildings","Arts"
"Ibrahimpatnam","Administrative Building","Guru Nanak College","4e2a35a17d8b7deda6c3b5ef","Ibrahimpatnam","null",17.16165891,78.65964475,501506,,,,"Ibrahimpatnam","College Administrative Building","College Administrative Buildings","Administrative Building"
"Sri Rama Nagaram","Non-Profit","Divya Saketam","5376a607498eaa8a5655815b","Jeeyar integrated vedic academy","Sri Rama Nagaram",17.18461002,78.32971718,509325,,,,"Jeeyar integrated vedic academy (Sri Rama Nagaram)","Non-Profit","Non-Profits","Non-Profit"
"CIE Balangar","Education","Central Institute Of Tool Design - Citd","59dca516c0cacb5e1bfbed53","Balanagar","null",17.466547,78.44482,500037,,,,"Balanagar","General College & University","General Colleges & Universities","Education"
"Madhapur","Italian","Ci Gusta","5385efc5498e95906611fb32","Plot 66, Jyothi Celeste, Kavuri Hills, Madhapur","Kavuri Hills",17.43834161,78.39560577,500081,,,,"Plot 66, Jyothi Celeste, Kavuri Hills, Madhapur (Kavuri Hills)","Italian Restaurant","Italian Restaurants","Italian"
"Madhapur road","BBQ","Absolute Barbecues (ABs)","52411e2311d2bf60e0084ef5","Road No.36, Madhapur road, Above bajaj electronics Showroom","null",17.43849792,78.39795567,"null",,,,"Road No.36, Madhapur road, Above bajaj electronics Showroom","BBQ Joint","BBQ Joints","BBQ"
"Srinagar Colony","Caf�","The Roastery Coffee House","59a97b4f26659b3259fadb1a","null","null",17.42338248,78.43160294,500073,,,,"Rajendra Nagar 500073","Caf�","Caf�s","Caf�"
"Jubilee Hills","Ice Cream","Naturals IceCream","56e18d05498e7b9a3ac1d2c2","Jubilee Hills","null",17.4386593,78.39920912,"null",,,,"Jubilee Hills","Ice Cream Shop","Ice Cream Shops","Ice Cream"
"Meenakshi Bamboo","Bakery","The old madras baking company","57653c52cd10d3f25eeb489c","Meenakshi Bamboo","null",17.44354154,78.36823589,"null",,,,"Meenakshi Bamboo","Bakery","Bakeries","Bakery"
"Dr.B R Ambedkar O.U","Caf�","Feu","5bfea4f61b0ea5002ccb2032","null","null",17.424139,78.413031,500033,,,,"Hyderabad 500033","Caf�","Caf�s","Caf�"
"Film Nagar","Caf�","Orka Cafe","5d46dda945ec8c0008bfb231","null","null",17.427382,78.40521,500096,,,,"Hyderabad 500096","Caf�","Caf�s","Caf�"
"Srinagar Colony","Desserts","Gourmet Baklava","5ab21a274940bc63220472ce","Banjara Hills","Road no. 3,",17.425131,78.438282,500073,,,,"Banjara Hills (Road no. 3,)","Dessert Shop","Dessert Shops","Desserts"
"Banjara Hills","Italian","Le Vantage","59ec9b822632ec468f223fdd","null","null",17.430074,78.417744,500034,,,,"Hyderabad 500034","Italian Restaurant","Italian Restaurants","Italian"
"A.Gs Office","Caf�","Cafe Niloufer & Bakers","4d5fadf029ef236a85a09b59","Red Hills Rd, Opp Hanuman Temple","Lakdikapul",17.39971498,78.46288085,500004,,,,"Red Hills Rd, Opp Hanuman Temple (Lakdikapul)","Caf�","Caf�s","Caf�"
"Gagan Mahal","Ice Cream","The Belgian Waffle Co.","6001d09da6930e53ea2bf237","null","Himayatnagar",17.401314,78.48424,500029,,,,"Himayatnagar","Ice Cream Shop","Ice Cream Shops","Ice Cream"
"Banjara Hills","Caf�","The Lounge (CCD)","4dbff93dcda12687c83f8b24","Banjara Hills","Rd No 10",17.41483739,78.44804841,500034,,,,"Banjara Hills (Rd No 10)","Caf�","Caf�s","Caf�"
"Near Apollo Hospital","Coffee Shop","Starbucks","542b7888498ea5b08625e962","Jubilee hills","Jubilee Hills",17.41699919,78.41634449,520007,,,,"Jubilee hills (Jubilee Hills)","Coffee Shop","Coffee Shops","Coffee Shop"
"Inorbit Mall","Coffee Shop","Starbucks","54e45ed8498eabc835109b65","Inorbit Mall","null",17.43342905,78.3866051,"null",,,,"Inorbit Mall","Coffee Shop","Coffee Shops","Coffee Shop"
"Rd 10. Banjara Hills","Caf�","Manhattan Cafe","4ef919109a52c9084290b8c5","Rd 10. Banjara Hills","null",17.41688862,78.43869385,"null",,,,"Rd 10. Banjara Hills","Caf�","Caf�s","Caf�"
"Sainikpuri","Caf�","Groove 9","5c163cd0149946002c00897a","null","null",17.485182,78.54766,500094,,,,"Secunderabad 500094","Caf�","Caf�s","Caf�"
"Cyberabad","Caf�","Bake Bar","601518c1fe983102f92bc424","null","null",17.452205,78.387175,500081,,,,"Hyderabad 500081","Caf�","Caf�s","Caf�"
"Krishna Nagar Main Rd, Krishna Nagar","Breakfast","Poorna Tiffin Center","4d41962dc5eaa1cda14cac50","Krishna Nagar Main Rd, Krishna Nagar","null",17.43325369,78.42619072,"null",,,,"Krishna Nagar Main Rd, Krishna Nagar","Breakfast Spot","Breakfast Spots","Breakfast"
" Banjara Hills","Bistro","Spice 6","53ee0f6f498e013a31a899e7","Opposite Ruosh, Road No. 1, Banjara Hills","null",17.40900704,78.45055865,"null",,,,"Opposite Ruosh, Road No. 1, Banjara Hills","Bistro","Bistros","Bistro"
"Dargah Hussain Shahwali    ","Ice Cream","Cream Stone Concepts","5c84133eda2e00002c988126","Towlichowki","null",17.404426,78.406938,500008,,,,"Towlichowki","Ice Cream Shop","Ice Cream Shops","Ice Cream"
"Narayanguda X Road","Diner","Mehfil Biryani Darbar Family Restaurant","4ebfdbf67ee54e4cd2b3d0f1","Narayanguda X Road","null",17.39886331,78.49376031,"null",,,,"Narayanguda X Road","Diner","Diners","Diner"
"Dr.B R Ambedkar O.U","Caf�","Loft","5d0a54378c9f41002f0d2839","null","null",17.438209,78.398388,500033,,,,"Hyderabad 500033","Caf�","Caf�s","Caf�"
"Dargah Hussain Shahwali    ","Turkish","Al Marjan","590318b3eacf4521f0a8a769","paramount Hills gate number 2 tolichowki","null",17.407251,78.41341,500008,,,,"paramount Hills gate number 2 tolichowki","Turkish Restaurant","Turkish Restaurants","Turkish"
"Bowenpally","Caf�","Limra Cafe","5a0ac55a73fe250134730a61","Old Bowenpally","Near Samatha Nagar Rd",17.483537,78.48249,500011,,,,"Old Bowenpally (Near Samatha Nagar Rd)","Caf�","Caf�s","Caf�"
"Tolichoki","Restaurant","Adams Victoria Restaurant","4d482bdedcdba1438d88edb1","Tolichoki","null",17.40283341,78.41037501,"null",,,,"Tolichoki","Restaurant","Restaurants","Restaurant"
"Dargah Hussain Shahwali    ","Bakery","The Old Madras Baking Company","5cd056caa4ba7c002ce50dbb","null","null",17.41788,78.365401,500008,,,,"Hyderabad 500008","Bakery","Bakeries","Bakery"
"Gandhi Bhawan","Bakery","Subhan Bakery","4fa68083e4b094b9471759b1","null","Nampally",17.39241151,78.46471161,500001,,,,"Nampally","Bakery","Bakeries","Bakery"
"Dr.B R Ambedkar O.U","Bakery","45Th Avenue","601963840a23e20140487f5b","null","null",17.422314,78.410969,500033,,,,"Hyderabad 500033","Bakery","Bakeries","Bakery"
"Kukatpally","Snacks","Ruchi Samosa Bandi","5a9a8c64c365886e7a43c256","null","null",17.487362,78.39556,500072,,,,"Rajendra Nagar 500072","Snack Place","Snack Places","Snacks"
"Putlibowli","Asian","Wok Republic","5a2ab4e16cf01a43de5fedac","null","null",17.399004,78.486045,500095,,,,"Hyderabad 500095","Asian Restaurant","Asian Restaurants","Asian"
"Kalyan nagar","Bakery","Midland","4e9146d15c5c4562f0544c45","Kalyan nagar","null",17.45068666,78.42482959,"null",,,,"Kalyan nagar","Bakery","Bakeries","Bakery"
"Gulmohar Park, Serilingampalli","Pizza","Domino's Pizza","5332dc1e498e7a78a1ac065c","Gulmohar Park, Serilingampalli","null",17.47806796,78.3202517,500019,,,,"Gulmohar Park, Serilingampalli","Pizza Place","Pizza Places","Pizza"
"Road No. 45","Parsi","Sodabottleopenerwala","555c3800498eb195cd5636ec","Road No. 45","null",17.42277494,78.4111638,"null",,,,"Road No. 45","Parsi Restaurant","Parsi Restaurants","Parsi"
"Cyberabad","South Indian","Davanagere Benne Dosa","5dfa39cb1a126400087b59cf","null","null",17.45164,78.38681,500081,,,,"Hyderabad 500081","South Indian Restaurant","South Indian Restaurants","South Indian"
"Sreshta Marvel","Indian Sweets","Dadu�s","5d53d70c66378f00084a15ae","Sreshta Marvel","null",17.446393,78.363618,500032,,,,"Sreshta Marvel","Indian Sweet Shop","Indian Sweet Shops","Indian Sweets"
"Srinagar Colony","Udupi","Royal Tiffin Center","5d190810d29cbb00237a1287","null","Banjara hills",17.426418,78.43799,500073,,,,"Banjara hills","Udupi Restaurant","Udupi Restaurants","Udupi"
"Badangpet","Indian","Shah Ghouse Cafe and Restaurant","4c81163ad92ea093375a3d72","Toli Chowli","M",17.39627704,78.42509352,500058,,,,"Toli Chowli (M)","Indian Restaurant","Indian Restaurants","Indian"
"Gagan Mahal","Indian","Cafe Bahar","4bdebd29be5120a17e98fe70","3-5-815, Hyderguda","null",17.39959528,78.47856582,500029,,,,"3-5-815, Hyderguda","Indian Restaurant","Indian Restaurants","Indian"
"A.Gs Office","Indian","Tansen","4d67bc368f70a093655a1635","Ohri's, Near Jalavihar","Necklace Road",17.43188437,78.46506696,500004,,,,"Ohri's, Near Jalavihar (Necklace Road)","Indian Restaurant","Indian Restaurants","Indian"
"Indira Nagar, Gachibowli","Vegetarian / Vegan","Udupi's Upahar","4d233486756e8cfa3fcd8554","2-21/4, Kannayalal Complex","Indira Nagar, Gachibowli",17.4408346,78.3606442,"null",,,,"2-21/4, Kannayalal Complex (Indira Nagar, Gachibowli)","Vegetarian / Vegan Restaurant","Vegetarian / Vegan Restaurants","Vegetarian / Vegan"
"Cyberabad","South Indian","Chutneys Coffee House","562fad3d498eec1b23682ab8","Opp. Cyber Towers, Near Mainland China","null",17.45244906,78.38038853,500081,,,,"Opp. Cyber Towers, Near Mainland China","South Indian Restaurant","South Indian Restaurants","South Indian"
"Dr.B R Ambedkar O.U","Indian","The Spicy Venue","4c0be2f16a3bb71361a772c7","Road No. 10","Jubilee Hills",17.43514106,78.41104649,500033,,,,"Road No. 10 (Jubilee Hills)","Indian Restaurant","Indian Restaurants","Indian"
"Gagan Mahal","Indian","Minerva Coffee Shop","4e009da21838cb6a1acb225e","Himyathnagar","null",17.40140987,78.4856719,500029,,,,"Himyathnagar","Indian Restaurant","Indian Restaurants","Indian"
"Road No 36 Jubilee Hills","Juice Bar","Dimmy Pan Palace�","51991d90498e46973202171e","Road No 36 Jubilee Hills","Beside Cream Stone",17.43085729,78.40792274,"null",,,,"Road No 36 Jubilee Hills (Beside Cream Stone)","Juice Bar","Juice Bars","Juice Bar"
"Begumpet Policelines","Hyderabadi","Paradise Restaurant","4bcee9d1cc8cd13a5efdc4cf","Paradise Circle","null",17.4418442,78.48735433,500003,,,,"Paradise Circle","Hyderabadi Restaurant","Hyderabadi Restaurants","Hyderabadi"
"Gachibowli, Hyderabad, Telangana","BBQ","Absolute Barbecues","54be0276498e5ac87c55da87","2nd Floor, Aparupa Silpi","Indira Nagar",17.44292227,78.35730201,500032,,,,"2nd Floor, Aparupa Silpi (Indira Nagar)","BBQ Joint","BBQ Joints","BBQ"
"One Downing Street, Masab Tank","Indian","DineHill","4bbc7e2ced7776b010aa3f51","One Downing Street, Masab Tank","null",17.40525586,78.4516736,"null",,,,"One Downing Street, Masab Tank","Indian Restaurant","Indian Restaurants","Indian"
"Sri nagar colony","Indian","Green Bawarchi","4c29fb589eb195219dd62959","Sri nagar colony","null",17.42977628,78.42839994,"null",,,,"Sri nagar colony","Indian Restaurant","Indian Restaurants","Indian"
"Dr.B R Ambedkar O.U","South Indian","VIVAHA Bhojanambu","585e81a7bbec66033b058dab","null","null",17.43445,78.4144,500033,,,,"Hyderabad 500033","South Indian Restaurant","South Indian Restaurants","South Indian"
"Kukatpally","Indian Sweets","Almond House","5b3c8bdfca18ea002c4eace9","null","null",17.485922,78.390517,500072,,,,"Rajendra Nagar 500072","Indian Sweet Shop","Indian Sweet Shops","Indian Sweets"
"Masab Tank","Indian","Sandarshini","4cf8a1b401568cfa195921e7","Masab Tank","null",17.40533033,78.45165618,"null",,,,"Masab Tank","Indian Restaurant","Indian Restaurants","Indian"
"Kukatpally","Indian Sweets","Dadu�s Mithai Vatika Kphb","5cf0c96fa795bd002c226531","PNR Empire Building, Pillar No. A735 Near KPHB Metro, Beside Kala Mandir, Hmt Sathavahana Nagar, Kukatpally","null",17.495448,78.39968,500072,,,,"PNR Empire Building, Pillar No. A735 Near KPHB Metro, Beside Kala Mandir, Hmt Sathavahana Nagar, Kukatpally","Indian Sweet Shop","Indian Sweet Shops","Indian Sweets"
"Dargah Hussain Shahwali    ","Indian","Imperial Multi Cuisine Restaurant","5ffdcca25856d95fb1d37204","null","Toli Chowki",17.39772,78.420166,500008,,,,"Toli Chowki","Indian Restaurant","Indian Restaurants","Indian"
"Dr.B R Ambedkar O.U","South Indian","Kodi Kura Chitti Gaare","5cb2f7c8f4b5250039d7c534","Plot No 722","Jubilee Hills Road No:36",17.43834,78.397736,500033,,,,"Plot No 722 (Jubilee Hills Road No:36)","South Indian Restaurant","South Indian Restaurants","South Indian"
"Film Nagar","New American","The Moonshine Project","56839e7b498ec2f0d3119f38","Film Nagar","null",17.41420044,78.40773334,"null",,,,"Film Nagar","New American Restaurant","New American Restaurants","New American"
"Cyberabad","Punjabi","Dildaar","59a7c9d759fe5c0af17cf540","null","Image Gardens Rd",17.451572,78.38663,500081,,,,"Image Gardens Rd","Punjabi Restaurant","Punjabi Restaurants","Punjabi"
"Saidabad","Irani","Imperial Restaurant","5a2da3fda3061942439204e0","null","null",17.363447,78.50334,500059,,,,"Hyderabad 500059","Irani Cafe","Irani Cafes","Irani"
"Dr.B R Ambedkar O.U","Brewery","Broadway Brewery","5bf6bd57a30619002c77900a","Plot 1017, Road 46/A","null",17.428848,78.403653,500033,,,,"Plot 1017, Road 46/A","Brewery","Breweries","Brewery"
"Road No.36, Jubilee Hills","Bar","Urban Asia","4cf116656195721e6e5a3fc1","Road No.36, Jubilee Hills","null",17.42882037,78.41304307,"null",,,,"Road No.36, Jubilee Hills","Bar","Bars","Bar"
"Dr.B R Ambedkar O.U","Social Club","Jubilee Hills Club","4bcf026ffb84c9b69ba0243e","null","Road No. 14, Jubilee Hills",17.42954766,78.41498966,500033,,,,"Hyderabad 500033","Social Club","Social Clubs","Social Club"
"Dr.B R Ambedkar O.U","Brewery","Prost Brew Pub","57d0388acd1081af7cb0173a","45 Jubilee Hills","null",17.43148466,78.40028111,500033,,,,"45 Jubilee Hills","Brewery","Breweries","Brewery"
"Dr.B R Ambedkar O.U","Brewery","Zero Forty Brewing","5872414f04f4d776d936c19d","null","null",17.43558015,78.41174491,500033,,,,"Hyderabad 500033","Brewery","Breweries","Brewery"
"Next To Maharaja Chat, Kavuri Hills","Hookah Bar","Blue Bottle Caf�","5274df3011d2db7853952b3a","Plot No 82-83","Next To Maharaja Chat, Kavuri Hills",17.44130056,78.39654336,"null",,,,"Plot No 82-83 (Next To Maharaja Chat, Kavuri Hills)","Hookah Bar","Hookah Bars","Hookah Bar"
"Film Nagar","Restaurant","The Sanctuary Bar And Kitchen","5f4dfc83beae8f7fb0a9dca2","Plot No 29, Roadno 1, Film Nagar","null",17.4169,78.410863,500096,,,,"Plot No 29, Roadno 1, Film Nagar","Restaurant","Restaurants","Restaurant"
"Jubilee Hills","Cocktail","Cafe Heart Cup Coffee","535d2596498e9f9e1956c32c","null","null",17.42786314,78.4060582,"null",,,,"Hyderabad","Cocktail Bar","Cocktail Bars","Cocktail"
"Jubilee Hills","Caf�","Oysters Lounge","4d579735e319a1cdc1810634","Jubilee Hills","Rd No 36",17.42904138,78.41751043,"null",,,,"Jubilee Hills (Rd No 36)","Caf�","Caf�s","Caf�"
"Jubilee Hills","Sports Bar","Xtreme Sports Bar","4d5548989e508cfaccf1fd9a","Jubilee Hills","Rd No 36",17.43144716,78.40671573,"null",,,,"Jubilee Hills (Rd No 36)","Sports Bar","Sports Bars","Sports Bar"
"Dr.B R Ambedkar O.U","Beer Garden","MOB","51cad3dbccda4c2c6eb39816","Above Little Italy, Road. No 92,Near Apollo Hospital","Jubilee Hills",17.41625266,78.41690835,500033,,,,"Above Little Italy, Road. No 92,Near Apollo Hospital (Jubilee Hills)","Beer Garden","Beer Gardens","Beer Garden"
"Bada Bazaar","Hotel Bar","Hotel Tezaab","5208c7f1498ea3fd1735daa8","Bada Bazaar","null",17.361915,78.482527,"null",,,,"Bada Bazaar","Hotel Bar","Hotel Bars","Hotel Bar"
"Dr.B R Ambedkar O.U","Brewery","Hoppery","5924564da4b51b76c27161fb","null","null",17.430115,78.39259,500033,,,,"Hyderabad 500033","Brewery","Breweries","Brewery"
"Dr.B R Ambedkar O.U","Bar","Amnesia","590c944b9b04736a45950fa8","null","null",17.431173,78.406983,500033,,,,"Rajendra Nagar 500033","Bar","Bars","Bar"
"SLN terminus mall","Bar","The Lal Street Bar Exchange","587116d50bc55b0a67cffb1a","SLN terminus mall","null",17.45253923,78.36316579,500032,,,,"SLN terminus mall","Bar","Bars","Bar"
"Dr.B R Ambedkar O.U","Brewery","36 Downtown Brew Pub","5c9f830e06fb60002c5de46e","null","null",17.436093,78.40088,500033,,,,"Hyderabad 500033","Brewery","Breweries","Brewery"
"Cyberabad","Pub","Resign Sky Bar","5bf63ad566f3cd0039202506","null","null",17.441385,78.376329,500081,,,,"Hyderabad 500081","Pub","Pubs","Pub"
"Mallampet","Bar","Sri Nandini Bar And Restaurant","5a859b877247500fc501c46b","Sri Nandini Bar and Restaurant","Mallampet",17.553259,78.36218,502325,,,,"Sri Nandini Bar and Restaurant (Mallampet)","Bar","Bars","Bar"
"Miyapur","Bar","The 7 Hills Restaurant","5aafc9ec93bd632bef9b9e32","null","null",17.519922,78.35659,500049,,,,"Hyderabad 500049","Bar","Bars","Bar"
"Cyberabad","Sports Bar","Str8Up","5b0abbcaf5e9d7002c858ceb","null","null",17.452064,78.390716,500081,,,,"Rajendra Nagar 500081","Sports Bar","Sports Bars","Sports Bar"
"Cyberabad","Bar","Agent Jack's Bar","5991c4de35811b566a72ff7b","null","null",17.433174,78.37431,500081,,,,"Hyderabad 500081","Bar","Bars","Bar"
"Dr.B R Ambedkar O.U","Bar","Blvd","5dbdbb2c2e78890008d8d9f9","null","null",17.43836,78.399199,500033,,,,"Hyderabad 500033","Bar","Bars","Bar"
"Radisson hytex","Cocktail","Velocity On 15","5a7672b71cf2e1491830cbf4","Radisson hytex","null",17.447407,78.36309,500032,,,,"Radisson hytex","Cocktail Bar","Cocktail Bars","Cocktail"
"Cyberabad","Beer Bar","The Tilt Bar Republic","593ab1513362735a7ec80a33","null","null",17.429205,78.37392,500081,,,,"Hyderabad 500081","Beer Bar","Beer Bars","Beer Bar"
"Beside Police Commissioner's Office","Whisky Bar","Megha City","4e85d7f3d3e32dcc0b61c84d","Beside Police Commissioner's Office","Basheer Bagh Cross Road",17.40168676,78.47595757,"null",,,,"Beside Police Commissioner's Office (Basheer Bagh Cross Road)","Whisky Bar","Whisky Bars","Whisky Bar"
"Medak Rd","Nightlife","Hamara Family Dhaba","4e16c00818388d0d26822336","Medak Rd","null",17.54535074,78.4012553,"null",,,,"Medak Rd","Other Nightlife","Other Nightlife","Nightlife"
"Manikonda","Restaurant","Dhruva Bar and Restaurant","52f8e44c498ea024d4f989e2","Manikonda","null",17.40090752,78.3868866,"null",,,,"Manikonda","Restaurant","Restaurants","Restaurant"
"Begumpet","Bar","Tease","502fdc34e4b0c5661d12ffbe","Vivanta by Taj - Begumpet","1-10-147 & 148",17.44317294,78.46050529,500016,,,,"Vivanta by Taj - Begumpet (1-10-147 & 148)","Bar","Bars","Bar"
"Banjara Hills","Lounge","Coco's Restaurant","4be8e656fbbb9c747e311e8e","Plot 217, Banjara Hills","Rd No 2",17.42393964,78.42471465,500034,,,,"Plot 217, Banjara Hills (Rd No 2)","Lounge","Lounges","Lounge"
"Hi-Tech City, Hyderabad","Nightclub","Playboy Club Hyderabad","5419c4fa498ef9757cd17b68","Novotel Hyderabad Convention Centre","null",17.47289189,78.37309011,500081,,,,"Novotel Hyderabad Convention Centre","Nightclub","Nightclubs","Nightclub"
"Cyberabad","Nightclub","The Club","4e0f5956d22d8582bdc831c1","Novotel Hyderabad Convention Centre","Near Hitec City",17.47272306,78.37307611,500081,,,,"Novotel Hyderabad Convention Centre (Near Hitec City)","Nightclub","Nightclubs","Nightclub"
"Begumpet","Lounge","On The Rocks","4df1f78352b100c2d7f4194c","Begumpet","null",17.44282223,78.47594092,"null",,,,"Begumpet","Lounge","Lounges","Lounge"
"Secunderabad Club","Lounge","Mixed Lounge","50857a76e4b03db17819a599","Secunderabad Club","Picket",17.45063168,78.49741149,"null",,,,"Secunderabad Club (Picket)","Lounge","Lounges","Lounge"
"Banjara Hills","Coffee Shop","Fume Lounge","5243e865498eb79fa245c973","8-2-602/D, Opp Hanging Gardens, Banjara Hills","Rd 10",17.41643207,78.44047821,"null",,,,"8-2-602/D, Opp Hanging Gardens, Banjara Hills (Rd 10)","Coffee Shop","Coffee Shops","Coffee Shop"
"Banjara Hills","Lounge","By The Bottle","5a202674e679bc08ee00dead","1217/A, Road No. 36, Jubilee Hills","null",17.429815,78.411395,500034,,,,"1217/A, Road No. 36, Jubilee Hills","Lounge","Lounges","Lounge"
"Surya Kiran Complex","Sports Bar","10 Lounge","4e44d2e1aeb7d02fd0f01bb8","Cellar, Surya Kiran Complex","null",17.44106547,78.49234114,"null",,,,"Cellar, Surya Kiran Complex","Sports Bar","Sports Bars","Sports Bar"
"Gachibowli","Lounge","Komatose","54cf01d2498e14b4a8f8e7ac","Holiday Inn Express Gachibowli","null",17.42400436,78.34752329,"null",,,,"Holiday Inn Express Gachibowli","Lounge","Lounges","Lounge"
"Banjara Hills","Lounge","Moshpit","52b1d10611d2ddfc94e93c5d","7th Floor, Shangrila Plaza","Banjara Hills Road No 2",17.4257989,78.41993195,"null",,,,"7th Floor, Shangrila Plaza (Banjara Hills Road No 2)","Lounge","Lounges","Lounge"
"Banjara Hills","Lounge","Touch","4e00ca0bb61c1fbe8dfb753c","road no 2 banjarahills","null",17.42425172,78.43014898,"null",,,,"road no 2 banjarahills","Lounge","Lounges","Lounge"
"Peerzadiguda","Lounge","Urban Lounge","5e46b81de7b7920007edfced","Urban Lounge Bar","null",17.406958,78.59351,500039,,,,"Urban Lounge Bar","Lounge","Lounges","Lounge"
"Banjara Hills","Lounge","Inside Out","5a898af0bed48320674db504","null","null",17.429732,78.412654,500034,,,,"Hyderabad 500034","Lounge","Lounges","Lounge"
"Kukatpally","Lounge","Mouka Mouka","57177ef9498e27df499bdc71","Kphb 3rd Phase Above Shadab Cafe","Malaysian Township Circle",17.48303994,78.40906414,500072,,,,"Kphb 3rd Phase Above Shadab Cafe (Malaysian Township Circle)","Lounge","Lounges","Lounge"
"Necklace Rd","Lounge","Ohri's","4dcfed0322718eed7a5ce984","Necklace Rd","null",17.43187972,78.46511434,"null",,,,"Necklace Rd","Lounge","Lounges","Lounge"
"Gachibowli","Lounge","Uber Deq","4e11db6caeb74afe60c08777","Jubilee Hills","Rd No. 1",17.4285876,78.41794951,"null",,,,"Jubilee Hills (Rd No. 1)","Lounge","Lounges","Lounge"
"Gachibowli","Garden","Botanical Gardens","4ed61647cc219d30cae2b544","Kondapur Gachibowli Road","null",17.45625662,78.36138661,"null",,,,"Kondapur Gachibowli Road","Garden","Gardens","Garden"
"Banjara Hills","Lake","Lotus Pond","4c26b2d45c5ca5937cb546fe","Lotus Pond Rd, Banjara Hills","null",17.41331746,78.42105365,"null",,,,"Lotus Pond Rd, Banjara Hills","Lake","Lakes","Lake"
"West Marredpally","Other Outdoors","Main Road","4be3a23a63609c74d0ee1bff","West Marredpally, Near Police Station","null",17.44883264,78.50775393,"null",,,,"West Marredpally, Near Police Station","Other Great Outdoors","Other Great Outdoors","Other Outdoors"
"Ameenpur","Lake","Ameenpur Lake","50d9115ae4b0a7a663c7c118","Ameenpur","null",17.51029703,78.33496923,"null",,,,"Ameenpur","Lake","Lakes","Lake"
"Necklace Rd","Lake","Hussain Sagar","4d8ecfdbd265236a03d91317","Necklace Rd","null",17.41414985,78.46922524,"null",,,,"Necklace Rd","Lake","Lakes","Lake"
"Tank Bund","Scenic Lookout","Necklace Road","4e089859a809495e619fa4d7","Tank Bund","null",17.41938355,78.46530663,"null",,,,"Tank Bund","Scenic Lookout","Scenic Lookouts","Scenic Lookout"
"Golconda Fort","Golf Course","Hyderabad Golf Club","4d4925a1b480a143ed2120ec","Golf Course Rd, Banjara Darwaja, Golconda Fort","null",17.39358077,78.40418797,"null",,,,"Golf Course Rd, Banjara Darwaja, Golconda Fort","Golf Course","Golf Courses","Golf Course"
"Barkatpura","Plaza","Kachiguda X Roads","4e624955b0fb188e8d9f775a","Kachiguda","null",17.38993291,78.49233976,500027,,,,"Kachiguda","Plaza","Plazas","Plaza"
"Golconda Fort","Gym","Talwalkars, Madhapur.","4ee59573b634710b8c04e344","Madhapur","null",17.43924045,78.39651172,"null",,,,"Madhapur","Gym","Gyms","Gym"
"Dr.B R Ambedkar O.U","Gym / Fitness","Cult Fitness","5c64c543178a2a002ceab619","null","null",17.42636,78.41506,500033,,,,"Hyderabad 500033","Gym / Fitness Center","Gyms or Fitness Centers","Gym / Fitness"
"Sainikpuri","Lake","Kapra Lake","4ccbb6a8efd2ef3b6892aa8b","Sainikpuri","Kapra",17.49007188,78.55208574,500094,,,,"Sainikpuri (Kapra)","Lake","Lakes","Lake"
"Yapral","Other Outdoors","Yapral Cross Roads","4dd689d2d4c05d5096d2b457","Yapral","null",17.5090611,78.55346109,"null",,,,"Yapral","Other Great Outdoors","Other Great Outdoors","Other Outdoors"
"Tolichowki","Garden","Aditiya Nagar Park","531f54d1498eec00fee7c6a8","Tolichowki","null",17.40021763,78.40970836,"null",,,,"Tolichowki","Garden","Gardens","Garden"
"Begumpet","Park","Kundanbhag Park","4d9888d7942ba0935bc5868c","Kundanbagh","null",17.43588768,78.46069061,500016,,,,"Kundanbagh","Park","Parks","Park"
"Safilguda","Lake","Lake Park","4dd272fab0fb0becaf9833bb","Safilguda","null",17.46717035,78.53398429,"null",,,,"Safilguda","Lake","Lakes","Lake"
"Opp. AP Secretariat","Park","Lumbini Park","4c62b4daeb82d13a98f405d6","Opp. AP Secretariat","null",17.40930735,78.47243883,"null",,,,"Opp. AP Secretariat","Park","Parks","Park"
"Gandhi Bhawan","Park","Owaisi Park","4da5bc1b7ccc816e172cad7b","Vijaynagar Colony","null",17.3682568,78.4009428,500001,,,,"Vijaynagar Colony","Park","Parks","Park"
"Boinpalle, Andhra Pradesh","Park","MCH Park","4f9f9c04e4b0d2f1092dbf66","Boinpalle, Andhra Pradesh","null",17.48198992,78.48443757,"null",,,,"Boinpalle, Andhra Pradesh","Park","Parks","Park"
"Malakpet","Park","Palmetum","4fd1ee1ce4b065a3535c41e3","Malakpet","null",17.37202928,78.50504635,"null",,,,"Malakpet","Park","Parks","Park"
"Hyderguda","Park","HUDA Park","54f1b567498e31ed2e58b008","Hyderguda","null",17.36209488,78.42604828,500048,,,,"Hyderguda","Park","Parks","Park"
"Banjara Hills","Park","municipality park","52b7f50b498e0e64f8412b58","Banjara Hills","null",17.427912,78.438222,"null",,,,"Banjara Hills","Park","Parks","Park"
"Keesara Villege","Park","KBR Gardens","4f5c4cabe4b01219abf642e9","Keesara Villege","null",17.517829,78.679451,"null",,,,"Keesara Villege","Park","Parks","Park"
"West Marredpally","Park","Nehru Nagar Park","504fedb5e4b0c9fad24dabb1","West Marredpally","null",17.4446838,78.50409757,"null",,,,"West Marredpally","Park","Parks","Park"
"Jahi express way","Park","Tobix garden","53442efc498e2cc37bcd3fb8","Jahi express way","null",17.36759522,78.46414101,"null",,,,"Jahi express way","Park","Parks","Park"
"Kukatpally","Park","Park","545ccd60498e556b584f00ad","Vivekanandanagar Colony","Opp. Reliance Fresh",17.493775,78.411889,500072,,,,"Vivekanandanagar Colony (Opp. Reliance Fresh)","Park","Parks","Park"
"navodaya colony","Park","Nc park lane","4f312682e4b09fde5db0e7e9","The lane opp to ganesh pan shop,navodaya colony","null",17.43281476,78.43274749,"null",,,,"The lane opp to ganesh pan shop,navodaya colony","Park","Parks","Park"
"Road No 1","Park","Jalagam Vengalrao Park","4ee9df9f5c5c0575fad1828e","Road No 1","null",17.4225259,78.44882573,"null",,,,"Road No 1","Park","Parks","Park"
"Humayunnagar","Park","Chacha Nehru Park","4ccbbc3eefd2ef3b8b98aa8b","Masab Tank","Road No. 1, Banjara Hills",17.40196924,78.44948635,500028,,,,"Masab Tank (Road No. 1, Banjara Hills)","Park","Parks","Park"
"Ashoknagar","Park","Ashok Nagar Children's Park","507ed13de4b0643e8c415eb4","Ashok Nagar Main Road","null",17.40577451,78.48974831,500020,,,,"Ashok Nagar Main Road","Park","Parks","Park"
"Vanasthalipuram","Park","swami vivekananda park","50ffa343e4b0d6931d0fd30a","Vanasthalipuram","null",17.32789614,78.56477375,"null",,,,"Vanasthalipuram","Park","Parks","Park"
"Peerzadiguda","Trail","Jogging Park","59d18672b9a5a874d8041033","null","null",17.413928,78.598697,500039,,,,"Hayathnagar 500039","Trail","Trails","Trail"
" Shameerpet","Park","Leonia Kids Park","5030b10de4b01882f96e78ca","Leonia Holistic Destination Bommaraspet, Shameerpet, Ranga Reddy District","null",17.57992659,78.6010988,"500 078",,,,"Leonia Holistic Destination Bommaraspet, Shameerpet, Ranga Reddy District","Park","Parks","Park"
"Pragatinagar","Park","Renuka Ellamma Park","5aa4b12fa6ec98131a1fd66c","Renuka Ellamma Park","Renuka Ellamma colony bachupally",17.53312,78.35938,500090,,,,"Renuka Ellamma Park (Renuka Ellamma colony bachupally)","Park","Parks","Park"
"BITS             50","Park","Shamirpet Deer Park","4ccbbdf5efd2ef3be39aaa8b","Shamirpet","Shamirpet Main Road",17.5982121,78.56477737,500078,,,,"Shamirpet (Shamirpet Main Road)","Park","Parks","Park"
"Vanasthalipuram","Park","Sachivalaya Nagar park","5150fd5ee4b02e0a4a963aba","Vanasthalipuram","null",17.326817,78.57106172,"null",,,,"Vanasthalipuram","Park","Parks","Park"
"Gachibowli","Library","Just Books","5450c62b498e0f068def2581","Gachibowli","null",17.421194,78.346388,"null",,,,"Gachibowli","Library","Libraries","Library"
"Gachibowli","Library","Just Books","4f5c9212e4b026f4c6552825","Gachibowli","null",17.44391501,78.36315901,"null",,,,"Gachibowli","Library","Libraries","Library"
"Panjagutta","Hospital","NIMS","4e1b1dba6284c069739bd2fe","Panjagutta","null",17.42168866,78.45213989,"null",,,,"Panjagutta","Hospital","Hospitals","Hospital"
"Afzal Gunj","Library","State Central Library","4db3ab870437fa536a1b403c","Afzal Gunj","null",17.37249937,78.47491818,"null",,,,"Afzal Gunj","Library","Libraries","Library"
"Himmatnagar","Library","Vijetha Reading Room","593562b0b6eedb402a709366","Ground and First Floor Of Jockey Building","Building next to Pulse Hospital",17.421771,78.504409,500025,,,,"Ground and First Floor Of Jockey Building (Building next to Pulse Hospital)","Library","Libraries","Library"
"Deloitte, Block B","Library","Communication Gym","4e25681d62e12f2b95e73a6c","Deloitte, Block B","null",17.4411355,78.3766497,"null",,,,"Deloitte, Block B","Library","Libraries","Library"
"Beside Koti Women's College","Library","Marathi Granthalaya","50eba6fde4b02d8f13f6c267","Beside Koti Women's College","null",17.384618,78.488613,"null",,,,"Beside Koti Women's College","Library","Libraries","Library"
"Jubilee Hills","Library","Justbooks CLC","51335b03e4b0cd2ac01293a2","Jubilee Hills","null",17.43011093,78.40874481,"null",,,,"Jubilee Hills","Library","Libraries","Library"
"Secunderabad Club (Picket)","Library","Children's Library","508580ffe4b09e409e1b0e66","Secunderabad Club","Picket",17.45259857,78.49689484,"null",,,,"Secunderabad Club (Picket)","Library","Libraries","Library"
"Sanjeev Reddy Nagar","Library","Saraswathi reading library","51400e79e4b0c2b51908f11b","flat #101, plot # 4b, dora legend towers, near e-seva","Vengal Rao Nagar, S.R.Nagar",17.44115257,78.44126129,500038,,,,"flat #101, plot # 4b, dora legend towers, near e-seva (Vengal Rao Nagar, S.R.Nagar)","Library","Libraries","Library"
"P & T Colony","Library","Little People Tree","4de5dff5e4cde71744b2af03","Plot No. 17,","P & T Colony, Karkhana",17.45690544,78.49847317,"null",,,,"Plot No. 17, (P & T Colony, Karkhana)","Library","Libraries","Library"
"Karkhana Main Road","Library","Just Books","50c89358e4b04b69c9972831","Karkhana Main Road","null",17.46474787,78.50341511,"null",,,,"Karkhana Main Road","Library","Libraries","Library"
"Road No. 1 (KPHB Colony)","Library","Just Books","506d8b9de4b04e903584d878","Road No. 1","KPHB Colony",17.4936396,78.3860197,"null",,,,"Road No. 1 (KPHB Colony)","Library","Libraries","Library"
"Near ICAI Bhawan, Red Hills","Library","ICAI Reading Room, Emerald House","530acaa2498eea1204f05181","Near ICAI Bhawan, Red Hills","null",17.401216,78.463858,"null",,,,"Near ICAI Bhawan, Red Hills","Library","Libraries","Library"
"Phase 1, DLF Building","Library","Cognizant Library","4f9a105de4b065a4f5568f99","Phase 1, DLF Building","null",17.44848373,78.35576917,"null",,,,"Phase 1, DLF Building","Library","Libraries","Library"
"Ankireddipalli","Library","Library","4f4a5f43e4b002a2ad85f12e","Silver Oak Bungalows","Cherlapally",17.48019989,78.61171885,501301,,,,"Silver Oak Bungalows (Cherlapally)","Library","Libraries","Library"
"Banjara Hills","Medical","Lucid Medical Diagnostics","4dbe387d0cb691071ccbbc67","Road No. 2, Banjara Hills","null",17.42342059,78.42901153,500034,,,,"Road No. 2, Banjara Hills","Medical Center","Medical Centers","Medical"
"hayathnagar","Medical","Vaidyashala","5d7c93ed921248000706c3e4","hayathnagar","null",17.330942,78.59605,501505,,,,"hayathnagar","Medical Center","Medical Centers","Medical"
"Assembly Road","Medical","Medwin Hospital","508c9ff6e4b0101d9aa9d47c","Beside Mohammed Khan Jewellers Nampally Assembly Road, Hyderabad, Andhra Pradesh, 500001","null",17.35288014,78.46737141,"null",,,,"Beside Mohammed Khan Jewellers Nampally Assembly Road, Hyderabad, Andhra Pradesh, 500001","Medical Center","Medical Centers","Medical"
"Film Nagar","Medical","Ambrosia Clinic","5b376113535d6f002c381678","India overseas bank building, road no 12","banjara hills",17.414085,78.42345,500096,,,,"India overseas bank building, road no 12 (banjara hills)","Medical Center","Medical Centers","Medical"
"Banjara Hills","Medical","Centre For Migration Medicine [CMM]","56653199498eac2dc9d2f799","#8-2-293/HH/89","MLA Colony, Road 12 Banjara Hills",17.40590858,78.43378448,"null",,,,"#8-2-293/HH/89 (MLA Colony, Road 12 Banjara Hills)","Medical Center","Medical Centers","Medical"
"Gagan Mahal","Doctor's Office","Vijaya Diagnostic Centre","4e20f12aaeb70263952b4bbf","3-6-16 & 17,","null",17.40421639,78.48004584,500029,,,,"3-6-16 & 17,","Doctor's Office","Doctor's Offices","Doctor's Office"
"Kondapur","Medical","Apollo Pharmacy","56f1261fcd10f060df8fc502","Opposite Harsha Toyota Showroom","Kondapur",17.46654594,78.36335347,"null",,,,"Opposite Harsha Toyota Showroom (Kondapur)","Medical Center","Medical Centers","Medical"
"Gagan Mahal","Dentist's Office","Dr. Ujwala Bidi's Dental Clinic","53952ea7498e97c3af4d377f","1-2-282/A/3, J.B. Aircooled Apartments","Domalguda",17.40631866,78.48509979,500029,,,,"1-2-282/A/3, J.B. Aircooled Apartments (Domalguda)","Dentist's Office","Dentist's Offices","Dentist's Office"
"Venkateshwara Colony","Medical","Institute Of Preventive Medicine","4e116e8efa769d21e9ed4427","Narayanguda Rd, Venkateshwara Colony, King Koti","null",17.39415621,78.49019513,"null",,,,"Narayanguda Rd, Venkateshwara Colony, King Koti","Medical Center","Medical Centers","Medical"
"Kondapur","Doctor's Office","Apollo Clinic","4be41f22cf200f479d7c113c","Kondapur","null",17.45967844,78.36626773,"null",,,,"Kondapur","Doctor's Office","Doctor's Offices","Doctor's Office"
"Dr.B R Ambedkar O.U","Blood Donation Center","Chiranjeevi Eye & Blood Bank","4fd31a3fe4b09c51fe1a0a28","Road No.1","Jubilee Hills",17.42819986,78.41657233,500033,,,,"Road No.1 (Jubilee Hills)","Blood Donation Center","Blood Donation Centers","Blood Donation Center"
"Malakpet","Medical","Sagar Homoeo Stores & Clinic","52cc247411d26b20229ecf63","Malakpet","null",17.37658691,78.49597931,"null",,,,"Malakpet","Medical Center","Medical Centers","Medical"
"trimulgerry (trimulgerry)","Hospital","NIMH","4e69b47518508885f6259640","trimulgerry","trimulgerry",17.47526556,78.50664854,"null",,,,"trimulgerry (trimulgerry)","Hospital","Hospitals","Hospital"
"Banjara Hills","Hospital","Femina Women's Hospital","4e5b1ae31f6e804280dbc56a","Road #12, Banjara Hills","null",17.41190519,78.43242546,500034,,,,"Road #12, Banjara Hills","Hospital","Hospitals","Hospital"
"Nanal Nagar (Nanal Nagar)","Hospital","olive hospital","4d91e88f9acaa143621ff2f0","Nanal Nagar","Nanal Nagar",17.3936164,78.4269174,"null",,,,"Nanal Nagar (Nanal Nagar)","Hospital","Hospitals","Hospital"
"Secunderabad","Hospital","Apollo Hospitals","52edd5f1498ec9c2651d0128","Secunderabad","null",17.44187456,78.50444158,"null",,,,"Secunderabad","Hospital","Hospitals","Hospital"
"Nallagandla (Serilingampally)","Hospital","CITIZENS HOSPITAL","556a8559498e977c17dcb146","Nallagandla","Serilingampally",17.47083899,78.31110778,500019,,,,"Nallagandla (Serilingampally)","Hospital","Hospitals","Hospital"
"Dr As Rao Nagar","Hospital","Thatha hospital","4ed72d6c9a52145470958d21","Anupuram","Kapra",17.47766098,78.56237269,500062,,,,"Anupuram (Kapra)","Hospital","Hospitals","Hospital"
"Pragatinagar","Hospital","Sri Sri Hollistic Hospital","58820cb1ca10705c937d945d","Nizampet Main Road","null",17.501881,78.389082,500090,,,,"Nizampet Main Road","Hospital","Hospitals","Hospital"
"Chandanagar","Hospital","Green Life Multi Speciality Clinincs And Diagnostics","5a99539dd8096e56cb15207f","null","null",17.497381,78.34043,500050,,,,"Hyderabad 500050","Hospital","Hospitals","Hospital"
"Shivarampally","School","ZPHS","548aba4c498e812f8430433c","Shivarampally","null",17.33399918,78.43390237,"null",,,,"Shivarampally","School","Schools","School"
"Smr Vinay (Miyapur)","School","Little Einsteins Play School","4ea4f121722ec75adf5bcba2","Smr Vinay","Miyapur",17.50691305,78.36420354,"null",,,,"Smr Vinay (Miyapur)","School","Schools","School"
"Tellapur","Private School","Manthan International School","5482aa30498e0381ba104649","Sy No 368/P & 369/P, Tellapur(V), Ramachandrapuram(M), Tellapur","null",17.46023445,78.29835322,502032,,,,"Sy No 368/P & 369/P, Tellapur(V), Ramachandrapuram(M), Tellapur","Private School","Private Schools","Private School"
"Kukatpally","School","Siddi Vinayaka Motor Driving School","50c6c437e4b0e9cee6f0f204","2-22-148/3/1, subhodaya colony, pipe lane road","kukatpally",17.49730583,78.40790899,500072,,,,"2-22-148/3/1, subhodaya colony, pipe lane road (kukatpally)","School","Schools","School"
"Jubilee Hills","School","Polka Dots","4eae58f6b8f765aba1b1de2f","Jubilee Hills, Hyderabad, Andhra Pradesh","null",17.42379782,78.41267947,"null",,,,"Jubilee Hills, Hyderabad, Andhra Pradesh","School","Schools","School"
"Karkhana","School","Hind Motor Driving School","4e6f439c7d8bbeefd9c79d77","null","Karkhana",17.46297144,78.50380351,"null",,,,"Karkhana","School","Schools","School"
"Secunderabad","Middle School","St. Andrews School","4f7c20e1e4b0a12a331e8dee","RBI Colony, Old Bowenpally, Secunderabad, Andhra Pradesh","null",17.44190395,78.46224823,"null",,,,"RBI Colony, Old Bowenpally, Secunderabad, Andhra Pradesh","Middle School","Middle Schools","Middle School"
"Sri Nagar Colony","High School","Sushilla Memorial School (@Aashayein)","4c14ccc4a5eb76b00d3fc2b7","Srinagar Colony Rd, Sri Nagar Colony","null",17.42864013,78.44757557,"null",,,,"Srinagar Colony Rd, Sri Nagar Colony","High School","High Schools","High School"
"S D Road","School","Gitanjali Devashray","51e7edc1498e14e873dbca40","S D Road","null",17.43822,78.50106,"null",,,,"S D Road","School","Schools","School"
"Begumpet (Kundanbagh)","High School","Chinmaya School","4ff82883e4b0cdc6b8a0d415","Begumpet","Kundanbagh",17.43600938,78.45967822,"null",,,,"Begumpet (Kundanbagh)","High School","High Schools","High School"
"Saroornagar","School","vowels convent","4fe4b851e4b053d40ffc7c70","11/13/586","road no 15, alkapuri",17.36419864,78.55139805,500035,,,,"11/13/586 (road no 15, alkapuri)","School","Schools","School"
"kondapur main Rd, Kondapur","High School","Chirec Public School","4cf1053d1d18a143d05d50ec","kondapur main Rd, Kondapur","null",17.4607275,78.35332985,"null",,,,"kondapur main Rd, Kondapur","High School","High Schools","High School"
"Sainikpuri","High School","Bhavan's Vivekananda College","4c6a448b96f176b0b9b2b236","Sainikpuri","null",17.48753964,78.53486504,"null",,,,"Sainikpuri","High School","High Schools","High School"
"Bharani Layout","Caf�","The Culinary Lounge","5bf7fa8e0d2be7002ceb3986","Bharani Layout","null",17.416877,78.399747,500092,,,,"Bharani Layout","Caf�","Caf�s","Caf�"
"Chintalmate","Religious School","Kids Arabic School","58d3da2b6431e54ca3b0e04c","Chintalmate","null",17.348443,78.422994,"null",,,,"Chintalmate","Religious School","Religious Schools","Religious School"
"Ramanthapur","School","St Joseph's Public School","4df333f8d22d8c5470dcfcb6","null","Ramanthapur",17.40609788,78.54113249,"null",,,,"Ramanthapur","School","Schools","School"
"Jubillee Hills","School","Jubillee Hills Public School","4e0771bb315117c55a20bbbe","Jubillee Hills","null",17.41946308,78.40831876,"null",,,,"Jubillee Hills","School","Schools","School"
"Secunderabad","High School","Keyes High School","4eacc8a082315d0ca5591dec","null","null",17.43877202,78.50439719,"null",,,,"Secunderabad","High School","High Schools","High School"
"Amberpet","School","Hyderabad Public School","4e5a72b318a8c2047518f9c6","Hyderabad Public School","Ramanthapur",17.39912111,78.53644534,500013,,,,"Hyderabad Public School (Ramanthapur)","School","Schools","School"
"Hyderabad Jubilee","School","Purani Haveli","521d578311d28221fb263da1","null","null",17.36731884,78.48272831,500002,,,,"Hyderabad 500002","School","Schools","School"
"Cyberabad","Adult Education Center","Testing Masters","5aa4a8dd61e53b37ccc4a4ed","Siri sai orchid","2nd Floor",17.442016,78.384637,500081,,,,"Siri sai orchid (2nd Floor)","Adult Education Center","Adult Education Centers","Adult Education Center"
"Dargah Hussain Shahwali    ","School","Zilla Parishad High School","5de099e7e682a300086f9e72","Shaikpet","null",17.412015,78.392703,500008,,,,"Shaikpet","School","Schools","School"
"Chandanagar","School","Oi Play School","5df9a005bdacac0008c402e5","PJR Enclave Road","null",17.501598,78.334827,500050,,,,"PJR Enclave Road","School","Schools","School"
"Kukatpally","School","Irish Florets School","5a0fc5788a6f175e86563a33","null","null",17.492315,78.41236,500072,,,,"Hyderabad 500072","School","Schools","School"
"Dr.B R Ambedkar O.U","Nursery School","Future Kids School","5dbfa5fb377a38000822a6cf","null","null",17.428401,78.412056,500033,,,,"Hyderabad 500033","Nursery School","Nursery Schools","Nursery School"
"Aziznagar, Moinabad Mandal (RR District)","High School","Sreenidhi International School","4e2e86bb62e1fbac61019bce","Aziznagar, Moinabad Mandal","RR District",17.33929941,78.34167701,500075,,,,"Aziznagar, Moinabad Mandal (RR District)","High School","High Schools","High School"
"Banjara Hills","High School","Kangaroo Kids School","4cff25991ebe6dcb62e37f91","# 8-2-282/A, Road No. 3, Banjara Hills","Opp. Vishnu Residency",17.42206065,78.43595668,500034,,,,"# 8-2-282/A, Road No. 3, Banjara Hills (Opp. Vishnu Residency)","High School","High Schools","High School"
"Bharat Nagar","High School","Vivekananda Convent High School","5837b2b4fc73d41260970220","Bharat Nagar","null",17.463355,78.425735,"null",,,,"Bharat Nagar","High School","High Schools","High School"
"Manovikasnagar","School","Pallavi Model School","50fe82a6e4b0b3dbb43f4066","null","null",17.46816987,78.4879448,500009,,,,500009,"School","Schools","School"
"Administrative Buildings ","High School","Johnson Grammar School","4fd9bc8de4b0e967fd08fd60","Kakatiya Nagar","Habsiguda",17.41561427,78.5419253,500007,,,,"Kakatiya Nagar (Habsiguda)","High School","High Schools","High School"
"Falaknuma","School","Academic Heights Public School","58ea391514fb415f6aef44ea","18-04-1948","null",17.339642,78.47018,500053,,,,"18-04-1948","School","Schools","School"
"Kukatpally","Mall","The Forum Sujana Mall","541193bb498e516757fdf7fa","Plot No. S-16, Survey No. 1009, K P H B Phase 6, Kukatpally,","null",17.48402385,78.38951586,500072,,,,"Plot No. S-16, Survey No. 1009, K P H B Phase 6, Kukatpally,","Shopping Mall","Shopping Malls","Mall"
"Madhapur","Furniture / Home","IKEA Hyderabad","57ac118c38fa8f9b5d45395f","Madhapur","null",17.43893972,78.37582302,"null",,,,"Madhapur","Furniture / Home Store","Furniture / Home Stores","Furniture / Home"
"Banjara Hills","Mall","Inorbit Mall","4ba0debcf964a520768337e3","Near Durgam Cheruvu, Vittal Rao Nagar","Hitech City",17.43360979,78.38620663,500034,,,,"Near Durgam Cheruvu, Vittal Rao Nagar (Hitech City)","Shopping Mall","Shopping Malls","Mall"
"Kukatpally","Mall","Manjeera Trinity Mall","525800cc11d25864dcc09581","JNTU Road, KPHB Phase 3, Kukatpally","KPHB",17.4899796,78.39285228,500072,,,,"JNTU Road, KPHB Phase 3, Kukatpally (KPHB)","Shopping Mall","Shopping Malls","Mall"
"Saroornagar","Apparel","Zudio Collection","60128246bb19bc2efe46ee1e","KOTHAPET","null",17.36242,78.54428,500035,,,,"KOTHAPET","Clothing Store","Clothing Stores","Apparel"
"Masab Tank","Mall","Ashoka Metropolitan Mall","4c18a9ed2cddb713f031831e","Masab Tank","null",17.40819395,78.45109069,"null",,,,"Masab Tank","Shopping Mall","Shopping Malls","Mall"
"Malakpet","Department Store","D Mart","4fe1c402e4b074c0cc534794","Naga Anasuya Arcade","Malakpet",17.37114674,78.50504635,"null",,,,"Naga Anasuya Arcade (Malakpet)","Department Store","Department Stores","Department Store"
"Chandanagar","Mall","GSM Mall","5d21af2b7ad194002379de80","null","null",17.496692,78.335824,500050,,,,"Hyderabad 500050","Shopping Mall","Shopping Malls","Mall"
"Cyberabad","Mall","SLN Terminus","561a76e6498e5335924cdfbb","Kondapur","null",17.45262364,78.36335033,500081,,,,"Kondapur","Shopping Mall","Shopping Malls","Mall"
"Attapur","Mall","Spencers","50792dd6e4b0109f3532cf0e","Attapur","null",17.36960124,78.42914634,"null",,,,"Attapur","Shopping Mall","Shopping Malls","Mall"
"Ameerpet","Shop","Sri Lakshmi Traders","60117b94c86f210a20fb585f","Ameerpet","Balkampet Rd",17.440937,78.44802,500038,,,,"Ameerpet (Balkampet Rd)","Miscellaneous Shop","Miscellaneous Shops","Shop"
"Humayunnagar","Gas Station","Indian Oil Fuel Station","5de9e28129c2cd0007933612","null","null",17.395414,78.43083,500028,,,,"Hyderabad 500028","Gas Station","Gas Stations","Gas Station"
"Jubilee Hills","Electronics","Bajaj Electronics","50bdda43e4b0f84e56e72e7d","Opp Madhapur Police Station","Jubilee Hills",17.43850285,78.3978897,"null",,,,"Opp Madhapur Police Station (Jubilee Hills)","Electronics Store","Electronics Stores","Electronics"
"Dargah Hussain Shahwali    ","Spa","Meghavi Spa","5bd9c0ed237dee002cc7dfee","null","null",17.413404,78.367326,500008,,,,"Hyderabad 500008","Spa","Spas","Spa"
"Kondapur Village, Serilingampally","Tech Startup","Sutherland Healthcare Solutions","5230546f11d27ac31606daba","Survey No. 185 (P)","Kondapur Village, Serilingampally",17.41173237,78.37055387,"null",,,,"Survey No. 185 (P) (Kondapur Village, Serilingampally)","Tech Startup","Tech Startups","Tech Startup"
"Madhapur","Gas Station","Indian Oil","4fd8f76fe4b00800dce0b166","Madhapur","null",17.44119368,78.39145774,"null",,,,"Madhapur","Gas Station","Gas Stations","Gas Station"
"Indira Nagar, Gachibowli,","Department Store","Star Hypermarket","594e1d88a4b51b7d053a1922","19, Old Mumbai Hwy, Vinayak Nagar","Indira Nagar, Gachibowli,",17.44435131,78.35549028,500032,,,,"19, Old Mumbai Hwy, Vinayak Nagar (Indira Nagar, Gachibowli,)","Department Store","Department Stores","Department Store"
"Kamala Nagar, Vanasthalipuram.","Jewelry","SRI SAI SHAKTHI 91.6 KDM JEWELLERS","561f452d498e395660fe0047","H.No. 5-4-36/2, Lane Beside Sampoorna Theatre Booking Counter.","Kamala Nagar, Vanasthalipuram.",17.331407,78.57587,500070,,,,"H.No. 5-4-36/2, Lane Beside Sampoorna Theatre Booking Counter. (Kamala Nagar, Vanasthalipuram.)","Jewelry Store","Jewelry Stores","Jewelry"
"Dr.B R Ambedkar O.U","Apparel","H&M","5a48782b25ecca3a3498b76a","Hyderabad","null",17.4325,78.4071,500033,,,,"Hyderabad","Clothing Store","Clothing Stores","Apparel"
"Malakpet Colony","Auto Dealer","Lakshmi Hyundai Service","59182489588e361ab5a9dee9","null","null",17.378273,78.515525,500036,,,,"Hyderabad 500036","Auto Dealership","Auto Dealerships","Auto Dealer"
"Dr.B R Ambedkar O.U","Dry Cleaner","Sparkles","57adbc6538fa9e23f651edb2","null","Madhapur",17.441153,78.391112,500033,,,,"Madhapur","Dry Cleaner","Dry Cleaners","Dry Cleaner"
"Begum Bazaar","Shop","Begum Bazaar","4d7b1fcf79c4b1f718e5e2f2","Begum Bazaar","null",17.37552928,78.4732547,"null",,,,"Begum Bazaar","Miscellaneous Shop","Miscellaneous Shops","Shop"
"Humayunnagar","Dairy Store","Sahara Dairy Farm Mehdipatnam","594f037f59fe5c1c5ddf3f19","Mehdipatnam","Hills Colony",17.389313,78.442463,500028,,,,"Mehdipatnam (Hills Colony)","Dairy Store","Dairy Stores","Dairy Store"
"Kukatpally","Street Food Gathering","Vinayaka Bajji Center","5b8beac9f2554e002c7da89c","null","null",17.486958,78.39226,500072,,,,"Hyderabad 500072","Street Food Gathering","Street Food Gatherings","Street Food Gathering"
"kondapur","Department Store","Ratnadeep Supermarket","4ff2c165e4b021f31db37701","kondapur","null",17.45618726,78.36466454,"null",,,,"kondapur","Department Store","Department Stores","Department Store"
"kondapur","Grocery Store","Heritage Fresh Superstore","4dcf73b445ddbe15f8a39e59","Kondapur Main Rd, CMC Enclave, Kondapur","Camelot Layout",17.46365437,78.34713268,500032,,,,"Kondapur Main Rd, CMC Enclave, Kondapur (Camelot Layout)","Grocery Store","Grocery Stores","Grocery Store"
"Banjara Hills","Grocery Store","Ratnadeep Supermarket","4e4e851a18383eb2af1395b5","Road #12, Banjara Hills","null",17.40779255,78.44290944,"null",,,,"Road #12, Banjara Hills","Grocery Store","Grocery Stores","Grocery Store"
"Somajiguda","Grocery Store","Spencers","4ec8fc0493ad41338e9b55cf","Raj Bhavan Road","Somajiguda",17.426675,78.457516,"null",,,,"Raj Bhavan Road (Somajiguda)","Grocery Store","Grocery Stores","Grocery Store"
"Banjara Hills","Liquor Store","Liquor Bank","4f635739e4b0e30d1f8e7488","Banjara Hills","Rd No 12",17.40814152,78.44933646,"null",,,,"Banjara Hills (Rd No 12)","Liquor Store","Liquor Stores","Liquor Store"
"Erragadda","Wine Shop","Balaji Wines","5a6737a1bfc6d00e526e3a5f","null","null",17.468089,78.397873,500018,,,,"Rajendra Nagar 500018","Wine Shop","Wine Shops","Wine Shop"
"Kothapet","Farmer's Market","Kothapeta Rythu Bazar","4e59e0dfd164da2b2769836e","Kothapet","Main Road",17.36633406,78.54234606,"null",,,,"Kothapet (Main Road)","Farmers Market","Farmers Markets","Farmer's Market"
"Dr.B R Ambedkar O.U","Food Service","Kshatriya Foods","5d59027bddd0170008f63cad","null","null",17.439337,78.39777,500033,,,,"Hyderabad 500033","Food Service","Food Services","Food Service"
"Miyapur","Wine Shop","Q","600d72c43e236a091c1b3348","null","null",17.496724,78.365729,500049,,,,"Hyderabad 500049","Wine Shop","Wine Shops","Wine Shop"
"Gandhi Bhawan","Farmer's Market","Fresh","5b9e798082a750002c0e9271","null","null",17.486795,78.39262,500001,,,,"Hyderabad 500001","Farmers Market","Farmers Markets","Farmer's Market"
"Gachibowli","Wine Shop","Hub Of Beverages (Q by Tonique)","5e0af1b8ca26750008afd07d","raidurgam","null",17.418962,78.375305,500030,,,,"raidurgam","Wine Shop","Wine Shops","Wine Shop"
"Karkhana","Grocery Store","Ghansham Supermarket","4cb18e25cbab236a05dba973","Karkhana","Picket",17.45524156,78.50402835,"null",,,,"Karkhana (Picket)","Grocery Store","Grocery Stores","Grocery Store"
"L B Nagar","Food & Drink","Sri Balaji Cool Drinks And Goli Soda","5d6563018cd8ae0007e237df","Siri Road","L B Nagar",17.352747,78.55378,500074,,,,"Siri Road (L B Nagar)","Food & Drink Shop","Food & Drink Shops","Food & Drink"
"Botanical gardens road","Supermarket","Polimerras, Botanical Garden Road","5e2ed89c69074d0008effd21","opposite to aparna Hights","Botanical gardens road",17.46242,78.34924,500084,,,,"opposite to aparna Hights (Botanical gardens road)","Supermarket","Supermarkets","Supermarket"
"Kukatpally","Butcher","MRCB Chicken","505556c5e4b04ed4f117b5e6","JNTU road","Kukatpally",17.49533267,78.39489698,"null",,,,"JNTU road (Kukatpally)","Butcher","Butchers","Butcher"
"Gandhinagar","Grocery Store","Reliance Fresh","4d033c8d2f96f04d94b91654","Indra Nagar","Gachibowli",17.44175865,78.35959825,500080,,,,"Indra Nagar (Gachibowli)","Grocery Store","Grocery Stores","Grocery Store"
"Lingampally","Farmer's Market","Raitu Bazaar","5145cec3e4b01c663f1ce486","null","Lingampally",17.49031544,78.3150545,"null",,,,"Lingampally","Farmers Market","Farmers Markets","Farmer's Market"
"Attapur","Supermarket","Ghanshyam Super Market","5c36cfa81ffed7002c41d8dd","Opp Janapriya Utopia","Attapur",17.365341,78.421052,500048,,,,"Opp Janapriya Utopia (Attapur)","Supermarket","Supermarkets","Supermarket"
"Mehdipatnam","Farmer's Market","Rythu Bazar","4e0f14a218a8bf9784d34a18","Mehdipatnam Rd, Mehdipatnam","null",17.39534835,78.4413088,"null",,,,"Mehdipatnam Rd, Mehdipatnam","Farmers Market","Farmers Markets","Farmer's Market"
"Banjara Hills","Grocery Store","Star Market","5dbc1770cf8e7a00084098cc","Road No. 14","Banjara Hills",17.4223,78.429361,500034,,,,"Road No. 14 (Banjara Hills)","Grocery Store","Grocery Stores","Grocery Store"
"Gagan Mahal","Grocery Store","D Mart","5b44cd10471d6e002c6b2445","Hyderguda","null",17.399067,78.481841,500029,,,,"Hyderguda","Grocery Store","Grocery Stores","Grocery Store"
"Ankireddipalli","Food Service","Tap-Out Drive In","5a3d1ac858aa7f082f6e0c31","null","null",17.422787,78.64069,501301,,,,"Hyderabad 501301","Food Service","Food Services","Food Service"
"Kukatpally","Food & Drink","Ravi Cool Drinks","5a2ec0b767af3a063a98b198","null","null",17.487071,78.395591,500072,,,,"Rajendra Nagar 500072","Food & Drink Shop","Food & Drink Shops","Food & Drink"
"Secunderabad","Supermarket","Spar Supermarket","596b26517269fe1bb32f5995","null","null",17.42576,78.54983,500076,,,,"Secunderabad 500076","Supermarket","Supermarkets","Supermarket"
"Whitefields","Grocery Store","Heritage Fresh","4cfcef6c7945224badc78de7","Gachibowli Miyapur Rd, Whitefields","null",17.45414129,78.3640904,500084,,,,"Gachibowli Miyapur Rd, Whitefields","Grocery Store","Grocery Stores","Grocery Store"
"Gachibowli Rd","Grocery Store","Ratnadeep Super Market","59a2a27446e1b6498887129c","Srinivana Nilayam","Gachibowli Rd",17.442863,78.35508,500032,,,,"Srinivana Nilayam (Gachibowli Rd)","Grocery Store","Grocery Stores","Grocery Store"
"Attapur","Grocery Store","Grocery N More","5c7a9a7cbcbf7a002c8fbf4f","Grocery N More, Street No. 1, CBIT Colony, Pillar No. 126, Attapur","Lane beside ICICI Bank",17.369007,78.43012,500048,,,,"Grocery N More, Street No. 1, CBIT Colony, Pillar No. 126, Attapur (Lane beside ICICI Bank)","Grocery Store","Grocery Stores","Grocery Store"
"Manovikasnagar","Food & Drink","Kwality Super Market","50a8703ce4b0268f9c525122","Bowenpally","null",17.47072463,78.48361552,500009,,,,"Bowenpally","Food & Drink Shop","Food & Drink Shops","Food & Drink"
"Banjara hills","Market","Greenz Store","51fa6483498e583c47a9d73c","Banjara hills","adjacent lane of Care Hospital",17.41335993,78.45387742,"null",,,,"Banjara hills (adjacent lane of Care Hospital)","Market","Markets","Market"
"Nizampet road","Market","VIJETHA","523713ce498e2b20b057aa6a","Nizampet road","null",17.5152,78.3831,"null",,,,"Nizampet road","Market","Markets","Market"
"Attapur","Market","LP stores","529a218e498e6bae5aeed577","Attapur","null",17.36307526,78.42221832,"null",,,,"Attapur","Market","Markets","Market"
"Near Narthaki Theater (Lothkunta)","Market","Lothkunta Friday Market","50cb2506e4b0373cb5f59a1e","Near Narthaki Theater","Lothkunta",17.49158172,78.50923529,"null",,,,"Near Narthaki Theater (Lothkunta)","Market","Markets","Market"
"Madhapur","Farmer's Market","Kisan Bazar","5172578ae4b01f6bffaa7aa3","Madhapur","null",17.44684474,78.39384151,"null",,,,"Madhapur","Farmers Market","Farmers Markets","Farmer's Market"
"I.M.Colony","Market","Mobile Rythu Bazar","52d23b10498e37c03e1286c7","Near entrance Of Punjagutta Officers' Colony","null",17.430026,78.454089,500082,,,,"Near entrance Of Punjagutta Officers' Colony","Market","Markets","Market"
"Humayunnagar","Market","Shiv SuperMarket","5197410c498e6cc06de48f8b","null","Mehdipatnam",17.39263859,78.44301876,500028,,,,"Mehdipatnam","Market","Markets","Market"
"LB Nagar","Market","Reliance Market","536dcb7b11d201131afe11b3","LB Nagar","null",17.34136963,78.55117798,"null",,,,"LB Nagar","Market","Markets","Market"
"Peerzadiguda","Market","Bigbazar","5d7cfbd8abe41600072d847c","null","null",17.402531,78.583769,500039,,,,"Hyderabad 500039","Market","Markets","Market"
"Malkajgiri (Plot No 1,Vishnupuri)","Market","Spencer's Hyper Market","55768613498e5d3066639025","Malkajgiri","Plot No 1,Vishnupuri",17.45420787,78.5368447,"null",,,,"Malkajgiri (Plot No 1,Vishnupuri)","Market","Markets","Market"
"shilpa park (kondapur)","Department Store","More super market","4e8c7c63823129f4e0edcd46","shilpa park","kondapur",17.46902005,78.36738953,"null",,,,"shilpa park (kondapur)","Department Store","Department Stores","Department Store"
"Hyderguda","Market","Hyderguda Market","5d7e5834290f5e000728c73f","null","Hyderguda",17.364311,78.426531,500048,,,,"Hyderguda","Market","Markets","Market"
"Kukatpally","Market","Royal Mutton & Chicken Bazar","5af79f05b1538e002c04c18d","null","null",17.492552,78.393639,500072,,,,"Rajendra Nagar 500072","Market","Markets","Market"
"Jntu Kukat Pally","Market","Raithubazar","5b910f7400b068002d3da8b5","null","null",17.47088,78.38672,500085,,,,"Hyderabad 500085","Market","Markets","Market"
"Jntu Kukat Pally","Butcher","Nainies Pork Shop","5662d07b498e6e578268ea14","Shop No 2, Dharma Reddy Colony, 3rd Phase","null",17.493021,78.394813,500085,,,,"Shop No 2, Dharma Reddy Colony, 3rd Phase","Butcher","Butchers","Butcher"
"Camelot Layout","Market","Monday Market","53833c92498ef71aaaf0d40f","Camelot Layout","null",17.46458791,78.34805651,"null",,,,"Camelot Layout","Market","Markets","Market"
"Humayunnagar","Market","Guddimalkapur Vegetable Market","5987b9ace1f0aa182caa2866","Guddimalkapur","null",17.383686,78.435344,500028,,,,"Guddimalkapur","Market","Markets","Market"
"Banjara Hills","Hotel","Radisson Blu Plaza Banjara Hills","54a36653498e425f3b1ae183","8-2-409 Rd No 6 Banjara Hills","Banjara Hills",17.42229619,78.44146833,500034,,,,"8-2-409 Rd No 6 Banjara Hills (Banjara Hills)","Hotel","Hotels","Hotel"
"Cyberabad","Hotel","ITC Kohenur","5b1aacd378782c002c33018e","Plot No.5, Survey No. 83/1, Survey No.83/1, Hyderabad Knowledge City, Madhapur","null",17.4319651,78.3849993,500081,,,,"Plot No.5, Survey No. 83/1, Survey No.83/1, Hyderabad Knowledge City, Madhapur","Hotel","Hotels","Hotel"
"Begumpet","Hotel","ITC Kakatiya","4e1b27cbd22ddd4af9ea6366","6 -3 -1187, Begumpet","Begumpet",17.43251403,78.45735256,500016,,,,"6 -3 -1187, Begumpet (Begumpet)","Hotel","Hotels","Hotel"
"Cyberabad","Hotel","The Westin Hyderabad Mindspace","4cbc55b27a5d9eb0a05c31e9","Raheja It Park, Hitec City, Madhapur","null",17.44235387,78.38179036,500081,,,,"Raheja It Park, Hitec City, Madhapur","Hotel","Hotels","Hotel"
"Gachibowli","Hotel","Sheraton Hyderabad Hotel","555f3cee498e02e9bea38862","115/1 Nanakramguda, Financial District, Gachibowli","null",17.4221861,78.3365299,500032,,,,"115/1 Nanakramguda, Financial District, Gachibowli","Hotel","Hotels","Hotel"
"Banjara Hills","Hotel","Park Hyatt Hyderabad","4f93cb30e4b03828fe09326a","Road No. 2 Banjara Hills","null",17.42476445,78.42960024,500034,,,,"Road No. 2 Banjara Hills","Hotel","Hotels","Hotel"
"Gachibowli","Hotel","Hotel Radisson, Gachibowli","534cb058498e1e9b5658a6b3","Gachibowli, Miyapur Road","null",17.4472705,78.36280435,500032,,,,"Gachibowli, Miyapur Road","Hotel","Hotels","Hotel"
"Gandhinagar","Resort","Hyderabad Marriott Hotel & Convention Centre","591ee0d2cab41034b4224a50","Tank Bund Road, Opposite Hussain Sagar Lake","null",17.4242098,78.4874569,500080,,,,"Tank Bund Road, Opposite Hussain Sagar Lake","Resort","Resorts","Resort"
"Gachibowli","Hotel","Le Meridien Hyderabad","5d0db9ae94dd8b00239ab963","Plot No 132 Miyapur Road, Gachibowli","null",17.44308,78.36241,500032,,,,"Plot No 132 Miyapur Road, Gachibowli","Hotel","Hotels","Hotel"
"Cyberabad","Hotel","Taza Kitchen","5d20d824442332002fe00f2d","null","null",17.451784,78.391686,500081,,,,"Hyderabad 500081","Hotel","Hotels","Hotel"
"Gachibowli","Hotel","Mercure Hyderabad KCP","5726bb9a498e3be9cc1b1816","6 3 551 Erramanjil","Somajiguda",17.41774414,78.45690831,"null",,,,"6 3 551 Erramanjil (Somajiguda)","Hotel","Hotels","Hotel"
"Erramanjil (Somajiguda)","Resort","Taj Falaknuma Palace","4d0103874f56b60cf6f6a437","Engine Bowli, Falaknuma","null",17.33011796,78.46745955,"null",,,,"Engine Bowli, Falaknuma","Resort","Resorts","Resort"
"Cyberabad","Hotel","Trident","515e95b2e4b09c02ea4522b7","Hitech City Main Road","Next To Shilparamam",17.44941554,78.37874222,500081,,,,"Hitech City Main Road (Next To Shilparamam)","Hotel","Hotels","Hotel"
"Chirag Ali Road","Hotel","Taj Mahal Hotel","4be06fbf4c55b651426feab7","4-1-999, Abidi Road Chirag Ali Road","null",17.3919419,78.47691532,"null",,,,"4-1-999, Abidi Road Chirag Ali Road","Hotel","Hotels","Hotel"
"Banjara Hills","Hotel","Taj Banjara","4bc7868d93bdeee1607b37ae","Rd #1 Banjara Hills","null",17.41014821,78.4492865,"null",,,,"Rd #1 Banjara Hills","Hotel","Hotels","Hotel"
"Cyberabad","Hotel","Avasa Hotel","4f6965fce4b0cb407476eaa1","Plot no. 15, 24-26, Survey No. 64 Sector-I, Huda Techno Enclave","Hitec City",17.4471442,78.3839755,500081,,,,"Plot no. 15, 24-26, Survey No. 64 Sector-I, Huda Techno Enclave (Hitec City)","Hotel","Hotels","Hotel"
"Cyberabad","Hotel","Novotel Hyderabad Airport","4d91c4299d0f721e410d1d73","Near Hitech City","null",17.24232477,78.45446841,500081,,,,"Near Hitech City","Hotel","Hotels","Hotel"
"Gandipet (Gandipet)","Resort","Golkonda Resort and Spa","4c789fc097028cfa21a9d8fe","Gandipet","Gandipet",17.38961436,78.31632186,500075,,,,"Gandipet (Gandipet)","Resort","Resorts","Resort"
"Gachibowli","Hotel","Marriott Executive Apartments Hyderabad","5a8dac038c812a57c0a715ca","Level 10, SLN Terminus, Survey No 133, Beside Botanical Gardens, Gachibowli","null",17.4523783,78.3631423,500032,,,,"Level 10, SLN Terminus, Survey No 133, Beside Botanical Gardens, Gachibowli","Hotel","Hotels","Hotel"
"I.M.Colony","Hotel","The Park Hotel","4be1701a8dd062b583483e3c","22 Raj Bhavan Rd","Somajiguda",17.423605,78.46240113,500082,,,,"22 Raj Bhavan Rd (Somajiguda)","Hotel","Hotels","Hotel"
"Madhapur","Hotel","Lemon Tree Hotel","4d6dcd43619a236ad8606a8f","Madhapur","null",17.44327531,78.37689825,"null",,,,"Madhapur","Hotel","Hotels","Hotel"
"Begumpet","Hotel","Vivanta by Taj","4e5b27778877c8a76dfc0f0c","Vivanta By Taj - Begumpet, Hyderabad","1-10-147 & 148, Mayuri Marg",17.44349841,78.46055605,500016,,,,"Vivanta By Taj - Begumpet, Hyderabad (1-10-147 & 148, Mayuri Marg)","Hotel","Hotels","Hotel"
"Siddiamber Bazaar","Hotel","Hotel Rajdhani","4bdedb37fe0e62b57d000606","Siddiamber Bazaar","null",17.37829541,78.47498632,"null",,,,"Siddiamber Bazaar","Hotel","Hotels","Hotel"
"Near Kachiguda Railway Station","Motel","Hotel Tourist Plaza","4cfe465fd8468cfa8f09056c","Near Kachiguda Railway Station","null",17.38968758,78.49624624,"null",,,,"Near Kachiguda Railway Station","Motel","Motels","Motel"
"vanasthalipuram","Hotel","Hotel swagath grand","4e9a87d89adf277db7b987bc","Next to vishnu theatre, vanasthalipuram","null",17.33880431,78.56676093,"null",,,,"Next to vishnu theatre, vanasthalipuram","Hotel","Hotels","Hotel"
"Cyberabad","Hotel","ibis Hotel","583418f57ff1e4714109a222","null","null",17.44771,78.37902,500081,,,,"???? 500081","Hotel","Hotels","Hotel"
"Neredmet","Hotel","Suka Sagar Tiffins","5c131945bb8d36002ccc3de5","malkajgiri","null",17.458633,78.53727,500056,,,,"malkajgiri","Hotel","Hotels","Hotel"
"Banjara Hills","Hotel","The Down Town Hotel","5d28d222e97aae002df35fef","8-2-703/4, B/1A, Rd Number 12, Sai Enclave, Bhola Nagar, Banjara Hills","null",17.406925,78.44809,500034,,,,"8-2-703/4, B/1A, Rd Number 12, Sai Enclave, Bhola Nagar, Banjara Hills","Hotel","Hotels","Hotel"
"Gachibowli","Hotel","The Lime Boutique Suites","551e0b44498eb7e9650a3906","Jayabheri Enclave","Gachibowli",17.45053098,78.36254569,500032,,,,"Jayabheri Enclave (Gachibowli)","Hotel","Hotels","Hotel"
"Chandanagar","Hotel","Swagath Residency Hotel Hyderabad","4be06d724c55b651286eeab7","Chandanagar","null",17.4951175,78.32650508,"null",,,,"Chandanagar","Hotel","Hotels","Hotel"
"Whitefields, Hitech City","B & B","At Home - Apartment Hotel","4ca37f4ad5a2a14317f14990","Whitefields Rd, Whitefields, Hitech City","null",17.45458087,78.36948643,"null",,,,"Whitefields Rd, Whitefields, Hitech City","Bed & Breakfast","Bed & Breakfasts","B & B"
"Begumbazar","Hotel","Hotel Saptagiri","5844132b735a4d7fc8ca2ed1","Secunderabad","Clock Tower",17.438162,78.499687,500012,,,,"Secunderabad (Clock Tower)","Hotel","Hotels","Hotel"
"Abids","Hotel","Hotel Grand","4c34beaba0ced13ab0ae186e","Abids","null",17.38793342,78.47690106,"null",,,,"Abids","Hotel","Hotels","Hotel"
"Falaknuma","Pool","Falaknuma Palace Pool","59e6b56167af3a7212631f02","Falaknuma Palace","null",17.33059,78.467181,500053,,,,"Falaknuma Palace","Hotel Pool","Hotel Pools","Pool"
