"Neighborhood","Venue Category","Venue","Id","Neighborhood_Latitude","Neighborhood_Longitude","Location_Formatted_Address","Categories_Name","Location_Address","Location_Postal_Code","Location_City","Location_State","cluster_Label"
"Bajirao Road","Movie Theater","Kibe Lakshmi Theater","4c11301d91fdd13adbe22f39",18.51698068,73.85394461,"Bajirao Road (ABC)","Movie Theater","Bajirao Road","null","Pune","Maharashtra",2
"C D A � � � � � �","Movie Theater","Inox","4b503f07f964a520121f27e3",18.52692776,73.87809068,"Near Central Park Hotel (Bund Garden Rd)","Movie Theater","Near Central Park Hotel",411001,"Pune","Maharashtra",0
"Amanora Town Center","Cineplex","INOX","50db10b2e4b0db4f507ddb81",18.5187031,73.9359903,"Amanora Town Center (Hadapsar)","Multiplex","Amanora Town Center","null","Pune","Maharashtra",0
"Shaniwar Wada","Movie Theater","Vasant Cinema","4ede39156c2547bc6720f773",18.51806102,73.85622101,"Shaniwar Wada","Movie Theater","null","null","Pune","Maharashtra",2
"Gokhalenagar � � �","Mall","The Pavillion","598dc70f345cbe1f6033ae2f",18.532861,73.829802,"Pune 411016","Shopping Mall","null",411016,"Pune","Maharashtra",2
"A.R. Shala � � � �","Cineplex","R Deccan Citypride","51f25c2b498e36d822c8f07f",18.5161496,73.84241961,"Deccan","Multiplex","Deccan",411004,"Pune","Maharashtra",2
"9 DRD � � � � � �","Cineplex","Bollywood E-Square","4be6d6355254d13a33aa60e1",18.54656744,73.92749393,"Old Kharadi Mundhawa Rd, Tukaram Nagar, Wadgaon Sh (Vadgaonsheri Bypass)","Multiplex","Old Kharadi Mundhawa Rd, Tukaram Nagar, Wadgaon Sh",411014,"Pune","Maharashtra",0
"Bibvewadi � � � �","Cineplex","PVR","59d11fa7efa82a766c4e02ee",18.501188,73.872457,"Pune 411037","Multiplex","null",411037,"Pune","Maharashtra",0
"Akurdi","Cineplex","Jai Ganesh INOX","52e49eaa11d296b64f9211f7",18.64850235,73.78486422,"Akurdi","Multiplex","Akurdi","null","Pune","Maharashtra",1
"Vadgaon(BK)","Movie Theater","City Pride Abhiruchi Screen 3","5300ebad498e8439bc72b4a2",18.46298617,73.81718847,"Abhiruchi Mall,Vadgaon(BK) (Sinhgad Rd)","Movie Theater","Abhiruchi Mall,Vadgaon(BK)","null","Pune","Maharashtra",2
"Pune Satara Road","Cineplex","City Pride","4bd2029b41b9ef3b1f20fde5",18.46930304,73.85752464,"Pune Satara Road","Multiplex","Pune Satara Road","null","Pune","Maharashtra",2
"Seasons Mall,Pune","Cineplex","Cinepolis VIP","52b691db498e4ddd16452bb5",18.51912384,73.9312949,"Seasons Mall,Pune","Multiplex","null","null","Pune","Maharashtra",0
"Mundhva � � � � �","Movie Theater","Gold Class Pvr","59a9474c35d3fc7c9229d700",18.537151,73.904986,"Pune 411036","Movie Theater","null",411036,"Pune","Maharashtra",0
"Kalewadi � � � � �","Cineplex","Carnival Cinemas","5b1e7c3f1ffe97002c4c46f0",18.633428,73.795972,"Premier Plaza","Multiplex","Premier Plaza",411017,"Pune","Maharashtra",1
"Inorbit Mall","Cineplex","PVR Cinemas","5700e08a498e0b4c72c089b5",18.5608085,73.92017488,"Inorbit Mall (Nagar Road)","Multiplex","Inorbit Mall","null","Pune","Maharashtra",0
"Kalewadi � � � � �","Cineplex","City Pride : Royal Cinemas","571088f1498eb520f362a104",18.59333246,73.78616581,"Spot 18 mall (Pimple Saudagar)","Multiplex","Spot 18 mall",411017,"Pune","Maharashtra",1
"R Deccan Mall","Cineplex","City Pride","4d459d9ae198721e7e98c78b",18.51619832,73.84258101,"R Deccan Mall (Deccan Gymkhana)","Multiplex","R Deccan Mall","null","Pune","Maharashtra",2
"satara road","Cineplex","Citypride Satara Road","4e28164962e17c330199fb00",18.48917216,73.85766822,"satara road","Multiplex","satara road","null","Pune","Maharashtra",2
"Dhayari � � � � �","Cineplex","FunTime","4f8c55aae4b024e8575b154f",18.46841527,73.81951659,"Pune 411041","Multiplex","null",411041,"Pune","Maharashtra",2
"Bhusari Colony � �","Cineplex","Screen 4 City Pride Kothrud","5290893d11d25762c6ae7257",18.49911072,73.82101396,"Next To Big Bazar (Kothrud)","Multiplex","Next To Big Bazar",411038,"Pune","Maharashtra",2
"Westend mall","Cineplex","Cinepolis IMAX","576e9acc498e8a8a92f040ad",18.56175612,73.80719213,"Westend mall","Multiplex","Westend mall","null","Pune","Maharashtra",2
"9 DRD � � � � � �","Cineplex","PVR Cinemas","5030db5ae4b0beacbede7177",18.56250563,73.91661263,"Phoenix Market City, Viman Nagar (Nagar Road)","Multiplex","Phoenix Market City, Viman Nagar",411014,"Pune","Maharashtra",0
"Bajirao Road � � �","Indie Movies","Aalankar","50c1b9b3498e5a9cfe954f29",18.52879143,73.87633514,"pune (Sasson road)","Indie Movie Theater","pune",411002,"Pune","Maharashtra",0
"C D A � � � � � �","Movie Theater","Victory Theatre","4bf8083e5efe2d7fbdf26934",18.51445217,73.87977494,"East Street, Camp (East Street)","Movie Theater","East Street, Camp",411001,"Pune","Maharashtra",0
"9 DRD � � � � � �","Cineplex","Big Cinemas","4dce0566183899ddfac89d3a",18.54581394,73.90662498,"Mariplex Mall, Kalyani Nagar (East Ave)","Multiplex","Mariplex Mall, Kalyani Nagar",411014,"Pune","Maharashtra",0
"Gokhalenagar � � �","Cineplex","PVR Cinemas ( Icon )","5995a101dd70c5737af7062f",18.53382244,73.82978344,"Next to JW Marriot (S B Rd)","Multiplex","Next to JW Marriot",411016,"Pune","Maharashtra",2
"AFMC � � � � � � ","Cineplex","Inox","52c43f5a11d25278cf592629",18.50560718,73.90118843,"Fatimanagar","Multiplex","Fatimanagar",411040,"Pune","Maharashtra",0
"Xion Mall","Cineplex","E Square Xion Hinjewadi","56454f29498e2b9fc99f7815",18.59239341,73.7448845,"Xion Mall (Next To D Mart)","Multiplex","Xion Mall","null","Pune","Maharashtra",1
"Aundh � � � � � �","Movie Theater","Gunjan theatre square","4e454aa3d4c065cb6b8f127e",18.546222,73.88880921,"Pune 411007","Movie Theater","null",411007,"Pune","Maharashtra",0
"Big Cinemas","Cineplex","screen 2","51eb7ac4498e90e30074fb5f",18.63590288,73.79642274,"Big Cinemas","Multiplex","Big Cinemas","null","Pune","Maharashtra",1
"CME","Indie Movies","CME Theatre","4fd8a513e4b0a71e248cbefb",18.58946721,73.84847945,"CME (Dapodi)","Indie Movie Theater","CME","null","Pune","Maharashtra",0
"Khadki","Indie Movies","Bombay Sapper's Open Theatre","51bdc75d498e557a5f1a49a9",18.55109519,73.86756864,"B.E.G & Centre,Kirkee. (Ganeshkhind Road)","Indie Movie Theater","B.E.G & Centre,Kirkee.",411003,"Pune","Maharashtra",0
"Karve Nagar","Cineplex","CiryPride Kothrud","52cad501498e055a23d0391d",18.49421173,73.82204212,"Karve Nagar (Kothrud)","Multiplex","Karve Nagar",,"Pune","Maharashtra",2
"Lokmanyanagar � �","Desserts","Chitale Bandhu Mithaiwale","4ccbf41f063a721e36098b9a",18.51360264,73.85380148,"Sadashiv Peth (777)","Dessert Shop","Sadashiv Peth",411030,"Pune","Maharashtra",2
"C D A � � � � � �","Multicuisine Indian","Latitude","4e02078d45dd1e4999dfaae7",18.53849044,73.88634531,"Vivanta by Taj - Blue Diamond (11, Koregaon Road)","Multicuisine Indian Restaurant","Vivanta by Taj - Blue Diamond",411001,"Pune","Maharashtra",0
"GoodLuck Chowk","Caf�","Caf� GoodLuck","4b9b583cf964a520aa0136e3",18.5173883,73.84148542,"759/75, GoodLuck Chowk (Corner of FC Road and Bhandarkar Road)","Caf�","759/75, GoodLuck Chowk","null","Pune","Maharashtra",2
"Yerwada � � � � �","Buffet","Three Kitchens Restaurant & Bar","5e368e60fe6a8800085c6902",18.552399,73.88992,"The Ritz Carlton","Buffet","The Ritz Carlton",411006,"Pune","Maharashtra",0
"Yerwada � � � � �","Caf�","Chafa Caf� and Studio","5b40748dc47cf9002c0411bd",18.533224,73.896982,"Pune 411006","Caf�","null",411006,"Pune","Maharashtra",0
"A.R. Shala � � � �","Bistro","Le Plaisir","509e80b6e4b04eb23d1ec2e2",18.51420497,73.83855093,"Shop No. 4B, Lane 6 Intersection, Off Bhandarkar Road, Deccan Gymkhana (Opp. Kelkar Eye Hospital, Prabhat Road)","Bistro","Shop No. 4B, Lane 6 Intersection, Off Bhandarkar Road, Deccan Gymkhana",411004,"Pune","Maharashtra",2
"Lokmanyanagar � �","Indian","Saffron","51fe6a12498ef8662ec2ad7c",18.50772924,73.84420582,"80 Feet Road","Indian Restaurant","80 Feet Road",411030,"Pune","Maharashtra",2
"Gokhalenagar � � �","Coffee Shop","Starbucks","5b86519d603d2a002b2a44d9",18.53463131,73.82984339,"The Pavilion Mall (Senapati Bapat Road)","Coffee Shop","The Pavilion Mall",411016,"Pune","Maharashtra",2
"Aundh � � � � � �","Coffee Shop","Starbucks","52ad761311d2b86a126a8cf4",18.55659485,73.80915264,"ITI Road,Aundh","Coffee Shop","ITI Road,Aundh",411007,"Pune","Maharashtra",2
"C D A � � � � � �","Pizza","Pizza Hut","4b4c6efdf964a520e3b226e3",18.53921376,73.89869051,"Shop No 19 & 20, Vrindavan Society, North Main Rd (Koregaon Park)","Pizza Place","Shop No 19 & 20, Vrindavan Society, North Main Rd",411001,"Pune","Maharashtra",0
"Senapati Bapat Road","Bakery","Pune Baking Company","4e4015108877b00cfc68dc0c",18.53197181,73.82983373,"Ground Floor, JW Marriott (Senapati Bapat Road)","Bakery","Ground Floor, JW Marriott","null","Pune","Maharashtra",2
"Gokhalenagar � � �","Asian","Spice Kitchen","4de0a8e918380dc4dd35585c",18.53188686,73.82957091,"JW Marriott (Senapati Bapat Road)","Asian Restaurant","JW Marriott",411016,"Pune","Maharashtra",2
"C D A � � � � � �","Caf�","Marz O Rin","4b489775f964a520ff4f26e3",18.51185911,73.88015592,"6 Bakthiar Plaza, Opposite Budhani Wafers (M G Road, Camp)","Caf�","6 Bakthiar Plaza, Opposite Budhani Wafers",411001,"Pune","Maharashtra",0
"C D A � � � � � �","Caf�","Cafe One O Eight","53a00691498ee5525b2d6282",18.536608,73.89728,"Precious Gem, Lane 6, Koregaon Park","Caf�","Precious Gem, Lane 6, Koregaon Park",411001,"Pune","Maharashtra",0
"Mundhva � � � � �","Brewery","Independence Brewing Company","52231e3493cd68770f7d9257",18.53088661,73.91361613,"79/1, Zero One Complex, Pingale Vasti, Near Passport Office (Ghorpadi Mundhwa Road)","Brewery","79/1, Zero One Complex, Pingale Vasti, Near Passport Office",411036,"Pune","Maharashtra",0
"Koregaon Park","French","Arthur's Theme","4b6ae21ef964a52025e52be3",18.53869955,73.89872601,"Lane No. 6, Koregaon Park","French Restaurant","Lane No. 6, Koregaon Park","null","Pune","Maharashtra",0
"Dapodi � � � � � �","Fast Food","McDonald's","4f913cc2e4b04fef005dc05f",18.58675532,73.83314473,"Sy No. 365 (Old Mumbai - Pune Road)","Fast Food Restaurant","Sy No. 365",411012,"Pune","Maharashtra",1
"Khondhwa KH � � �","Juice Bar","Cafe Mashallah","5cb579a275eee4002c7b7f01",18.481878,73.896726,"Pune 411048","Juice Bar","null",411048,"Pune","Maharashtra",0
"Baner Gaon � � � �","Bakery","The Good Butter Bakery","5d4e67f41ffb840008879f8c",18.576445,73.764789,"Solitaire Villa, Opposite Shivani Residency (Balewadi Road (off The Highway))","Bakery","Solitaire Villa, Opposite Shivani Residency",411045,"Pune","Maharashtra",1
"Kalewadi � � � � �","Breakfast","Nisarg Misal","5a2370f5a4b51b7ba7a4f013",18.608826,73.80245,"Haveli 411017","Breakfast Spot","null",411017,"Pune","Maharashtra",1
"Krishna Chowk","Bakery","Monginis Cake Shop","4fc62b49e4b0bf27803510a8",18.58163197,73.81613157,"Krishna Chowk","Bakery","Krishna Chowk","null","Pune","Maharashtra",1
"wanawadi","Falafel","Hite Bar","4c432061ce54e21ee0960d1a",18.48540864,73.89890646,"wanawadi","Falafel Restaurant","wanawadi","null","Pune","Maharashtra",0
"Fatima Nagar","Nightclub","Club Palazo","516ad108e4b039022711299f",18.50341685,73.90062952,"KPCT Mall, Vitthal Rao Shivarkar Marg, Fatima Nagar (Solapur Road)","Nightclub","KPCT Mall, Vitthal Rao Shivarkar Marg, Fatima Nagar","null","Pune","Maharashtra",0
"Infotech Park � �","South Indian","Up South","5aae8de37dc9e17c6f509f1f",18.595078,73.76325,"Pimpri-Chinchwad 411057","South Indian Restaurant","null",411057,"Pune","Maharashtra",1
"Pratik Nagar","Indian Sweets","Bikaner sweets","563ee79ccd103aeb13a35403",18.56856713,73.88105616,"Pratik Nagar","Indian Sweet Shop","Pratik Nagar","null","Pune","Maharashtra",0
"Infotech Park � �","Restaurant","Global Punjab","5bb9cdcae1f0aa002cc38324",18.595388,73.76907,"Pimpri-Chinchwad 411057","Restaurant","null",411057,"Pune","Maharashtra",1
"Hyatt Regency Pune","Restaurant","Regency Club","512a3495e4b034d2b700bff1",18.55988585,73.9120336,"Hyatt Regency Pune","Restaurant","Hyatt Regency Pune","null","Pune","Maharashtra",0
"Pride Valencia","Desserts","Rajmandir Ice Cream","553d1e20498e68099140ecf6",18.55947048,73.78130231,"Pride Valencia (Baner)","Dessert Shop","Baner","null","Pune","Maharashtra",1
"Pashan Rd, Bavdhan Nagar, Bavdhan","Snacks","Vaishnavi Snacks","4d536433f9f9b60c755323e6",18.51229713,73.78214364,"Pashan Rd, Bavdhan Nagar, Bavdhan","Snack Place","Pashan Rd, Bavdhan Nagar, Bavdhan","null","Pune","Maharashtra",2
"Aundh Camp � � � �","Punjabi","Rangla Punjab","58f241359746174b2321fcb7",18.593962,73.79414,"Shivar Garden Road, Pimple Saudagar","Punjabi Restaurant","Shivar Garden Road, Pimple Saudagar",411027,"Pune","Maharashtra",1
"Infotech Park � �","South Indian","Neer Southern Kitchen|Bar","5d5150b41591a9000839f78b",18.601356,73.760831,"Ganesh Imperia square (Wakad)","South Indian Restaurant","Ganesh Imperia square",411057,"Pune","Maharashtra",1
"A.R. Shala � � � �","Mediterranean","Olive Wheat Grape","5cae1b55872f7d002ba4295b",18.514131,73.833827,"prabhat road","Mediterranean Restaurant","null",411004,"Pune","Maharashtra",2
"Bhusari Colony � �","Tea Room","Yewale Amrutulya","5b99026fc97f28002c751ada",18.507604,73.807669,"Paud Road","Tea Room","null",411038,"Pune","Maharashtra",2
"Infotech Park � �","Restaurant","Green Ways","5b89562b25fb7b002c3dd213",18.598192,73.76346,"Mauli chowk","Restaurant","Mauli chowk",411057,"Pune","Maharashtra",1
"Baner-Pashan link road","Seafood","Saffron","4f5f0224e4b0c540a10ea068",18.54407553,73.79032055,"Baner-Pashan link road","Seafood Restaurant","Baner-Pashan link road","null","Pune","Maharashtra",2
"9 DRD � � � � � �","Tea Room","Yevale Amrutalay","5c3aab19270ee700391f9731",18.562069,73.91375,"Neco Gardens, Sakore Nagar","Tea Room","Neco Gardens, Sakore Nagar",411014,"Pune","Maharashtra",0
"Mumbai - Pune Expressway","Snacks","Food Plaza","4bdd7b50d33f2d7f84048b3c",18.71289273,73.64910364,"Mumbai - Pune Expressway","Snack Place","Mumbai - Pune Expressway","null","Pune","Maharashtra",1
"C D A � � � � � �","Burgers","Burger","4c0390bd0d0e0f47e5b8029a",18.506785,73.87906716,"Survey No 2394, Opposite Talwalkars Fitness Centre Near Modichana (East Street, Camp)","Burger Joint","Survey No 2394, Opposite Talwalkars Fitness Centre Near Modichana",411001,"Pune","Maharashtra",0
"Naylor Road Pune","Caf�","Sen5es","4d5941903281b1f7c20bb92f",18.53303112,73.91035867,"Oakwood Premier","Caf�","Oakwood Premier","null","Pune","Maharashtra",0
"9 DRD � � � � � �","Hotel","Hotel Parc Estique Pune","4bdedb1bfe0e62b561000606",18.56180364,73.91968115,"Nagar Road Viman Nagar","Hotel","Nagar Road Viman Nagar",411014,"Pune","Maharashtra",0
"Lokmanyanagar � �","Snacks","Tilak Hotel","4de24c587d8b2547eaffe58b",18.50960262,73.84688278,"Sadashiv Peth (Tilak road)","Snack Place","Sadashiv Peth",411030,"Pune","Maharashtra",2
"C D A � � � � � �","Caf�","Naughty Angel Cafe","4b52b667f964a520888627e3",18.53655622,73.8996637,"Shop No 12 Princeton Flair, Lane 8 (Koregaon Park)","Caf�","Shop No 12 Princeton Flair, Lane 8",411001,"Pune","Maharashtra",0
"Aundh � � � � � �","Chinese","Kimling","4e0f4aefd164fff335b3ac9b",18.56583437,73.80360347,"Aundh (Nagras Road)","Chinese Restaurant","Aundh",411007,"Pune","Maharashtra",2
"Kothrud","Fast Food","Hotel Gurudatta","4f42fec4e4b0899ccdcba113",18.50754249,73.80744063,"Kothrud","Fast Food Restaurant","Kothrud","null","Pune","Maharashtra",2
"Swargate Corner","Indian","Sahil Hotel","4bc7f7752f94d13a25f7127f",18.50193143,73.85745764,"Swargate Corner (Near Honda Showroom)","Indian Restaurant","Swargate Corner","null","Pune","Maharashtra",2
"A.R. Shala � � � �","Desserts","Chitale Bandhu Mithaiwale","4b77a031f964a52090a42ee3",18.51574264,73.84189788,"Near Deccan Gymkhana grounds (Fergusson College Road,)","Dessert Shop","Near Deccan Gymkhana grounds",411004,"Pune","Maharashtra",2
"Deccan","Bar","Sarovar","4e9d6b7861af4feab62c486a",18.51599106,73.84172211,"Deccan","Bar","Deccan","null","Pune","Maharashtra",2
"9 DRD � � � � � �","Pub","Viman Nagar Social","5aa0386a175562051c238286",18.562574,73.91717,"Phoenix Market City, Viman Nagar","Pub","Phoenix Market City, Viman Nagar",411014,"Pune","Maharashtra",0
"Baner Gaon � � � �","Cocktail","Tales And Spirits","5a636b9ba22db730c308d5bf",18.571497,73.77504,"Pune 411045","Cocktail Bar","null",411045,"Pune","Maharashtra",1
"9 DRD � � � � � �","Pub","The Irish House","50925b03e4b0d1ff2bd35f50",18.56221608,73.91650134,"Phoenix Market City (Viman Nagar)","Pub","Phoenix Market City",411014,"Pune","Maharashtra",0
"C D A � � � � � �","Lounge","Swig Bar & Eatery","4c5455fb479fc928ecf9f892",18.53966517,73.89359298,"28/2, SBI Training Centre, North Main Road (Koregaon Park)","Lounge","28/2, SBI Training Centre, North Main Road",411001,"Pune","Maharashtra",0
"C D A � � � � � �","Bar","Thousand Oaks / 1000 Oaks","4bf004ed25afb71352cd4a6f",18.51067172,73.87999264,"2417 East Street (Camp)","Bar","2418 East Street",411001,"Pune","Maharashtra",0
"Baner Gaon � � � �","Whisky Bar","Agent Jacks Bar","5880cc95ef787f53eced70e9",18.55524168,73.79738565,"1st Floor, Deron Heights (Baner Road)","Whisky Bar","2nd Floor, Deron Heights",411045,"Pune","Maharashtra",2
"Yerwada � � � � �","Restaurant","2BHK","5c950e479b0473002c5f9bda",18.531704,73.871626,"Behind Sheraton","Restaurant","Behind Sheraton",411006,"Pune","Maharashtra",0
"A.R. Shala � � � �","Bar","Retox","5db7075beeac790008a2aefc",18.503047,73.829283,"Erandwane","Bar","Erandwane",411004,"Pune","Maharashtra",2
"Yerwada � � � � �","Bar","Baraza - Bars & Bites","58c2b68602b60e05ce1233d4",18.55669023,73.89353074,"Pub Street, ISHANYA Mall, (Opposite Arcade 04)","Bar","Pub Street, ISHANYA Mall,",411006,"Pune","Maharashtra",0
"A.R. Shala � � � �","Bar","Thikana","5a27feb08173cb38255ad3a0",18.524391,73.84215,"Dnyaneshwar Paduka Chowk","Bar","Dnyaneshwar Paduka Chowk",411004,"Pune","Maharashtra",2
"Yerwada � � � � �","Brewery","Toit","5c473068f129b500257a3a65",18.553989,73.905254,"Pune 411006","Brewery","null",411006,"Pune","Maharashtra",0
"A.R. Shala � � � �","Brewery","Babylon Craft Brewery","5da20f6a0a1d9c0007ba1feb",18.504951,73.83215,"House of Nosh, 6th floor (Gulwani Maharaj road)","Brewery","House of Nosh, 6th floor",411004,"Pune","Maharashtra",2
"Baner Gaon � � � �","Brewery","Independence Brewing Company","5bbc316ad3cce8002c3d5310",18.571152,73.77502,"Independence Brewing Company, (Shop No. 14 & 15, S. No. 19, Park Grandeur, Balewa)","Brewery","Independence Brewing Company,",411045,"Pune","Maharashtra",1
"Senapati Bapat Road","Hotel Bar","Agent Jacks Bar l","56265717498e2ae0f1de9354",18.53606129,73.82979944,"ICC Tower B Wing Rooftop (Senapati Bapat Road)","Hotel Bar","ICC Tower B Wing Rooftop","null","Pune","Maharashtra",2
"Aundh Camp � � � �","Lounge","Merazo","59721fe6efa82a56937007d5",18.588291,73.77967,"new dp road (vishal nagar)","Lounge","new dp road",411027,"Pune","Maharashtra",1
"Someshwarwadi, Baner Road","Indian","Hotel Rajwada","4c07ca6288ba95210618e88f",18.54935046,73.80430047,"Survey 15/A, Kale Park, Someshwarwadi, Baner Road","Indian Restaurant","Survey 15/A, Kale Park, Someshwarwadi, Baner Road","null","Pune","Maharashtra",2
"Mundhva � � � � �","Hookah Bar","Kp Square","5daf437afd70be00083bf53e",18.533902,73.920341,"Mundwa Road","Hookah Bar","Mundwa Road",411036,"Pune","Maharashtra",0
"9 DRD � � � � � �","Bar","Retox - The Social Fix","57c9a85c498eeafce2367a80",18.561377,73.913994,"Opposite to Nico Garden (Behind Ibis hotel)","Bar","Opposite to Nico Garden",411014,"Pune","Maharashtra",0
"Gondhale Nagar � �","Lounge","FML Lounge","5ad369daa6fe4d7ee016375b",18.519398,73.931076,"Seasons mall","Lounge","Seasons mall",411028,"Pune","Maharashtra",0
"Panmala","Bar","Bhandari Resort","4d8e16dad4ec8cfa7efd6989",18.49756561,73.83966357,"Panmala (Sinhagad Road)","Bar","Panmala","null","Pune","Maharashtra",2
"Central Avenue","Lounge","Mineority","58184c8438facf82b78c206b",18.54618659,73.90406661,"Central Avenue (Kalyani Nagar)","Lounge","Central Avenue","null","Pune","Maharashtra",0
"AFMC � � � � � � ","Lounge","Atllantiss Lounge Bar & Grill","4bf6a5b55efe2d7f6e816734",18.49079394,73.90027659,"No. 18/19, Sacred World Mall, South Block, Jagtap Chowk, Wanowrie (Wanowrie)","Lounge","No. 18/19, Sacred World Mall, South Block, Jagtap Chowk, Wanowrie",411040,"Pune","Maharashtra",0
"Baner Gaon � � � �","Bar","Madari","5cfbd2b4270ee7002bba55cd",18.570734,73.772356,"IRIS Society, 23/7/1, Oppostie, Balewadi High St, Laxman Nagar, (Baner)","Bar","IRIS Society, 23/7/1, Oppostie, Balewadi High St, Laxman Nagar,",411045,"Pune","Maharashtra",1
"9 DRD � � � � � �","Bar","Sagar International Restaurant","4c110301ce640f47cecd3a52",18.56172177,73.93868302,"SH27 (Kharadi Maharaja Road Bypass)","Bar","SH28",411014,"Pune","Maharashtra",0
"Ambethan � � � � �","Hotel Bar","Hotel Matrix","4e50eb9fd4c0b6da5d92ad15",18.75876522,73.82899209,"Besides (IBP) Petrol Pump, (Chakan � Talegaon Road)","Hotel Bar","Besides (IBP) Petrol Pump,",410501,"Pune","Maharashtra",1
"Infotech Park � �","Bar","Publiq","5a6cbfecda70805b3ebb3bd3",18.590916,73.75297,"white sqaure","Bar","white sqaure",411057,"Pune","Maharashtra",1
"9 DRD � � � � � �","Pub","Agent Jack�s","5c56ef5661e53b002cb51132",18.56158,73.917387,"Pune 411014","Pub","null",411014,"Pune","Maharashtra",0
"Parihar Chowk, Aundh","Bar","Chandrama Restaurant & Bar","4c02af1539d476b074002fa7",18.56067334,73.80940182,"Parihar Chowk, Aundh (D.P.Road)","Bar","Parihar Chowk, Aundh","null","Pune","Maharashtra",2
"A.R. Shala � � � �","Bistro","German Bakery WunderBar","549fecb5498e70662649594f",18.52004604,73.83043023,"Symbiosis/NCC Circle (Law College Road)","Bistro","Symbiosis/NCC Circle",411004,"Pune","Maharashtra",2
"Koregaon Park Annexe","Hookah Bar","Carnival Resto-Bar","4b23bb57f964a520b45824e3",18.53296545,73.9157077,"N Main Rd, Koregaon Park Annexe","Hookah Bar","N Main Rd, Koregaon Park Annexe","null","Pune","Maharashtra",0
"9 DRD � � � � � �","Lounge","Atmosphere 6","51c9d7df498e996b646398a7",18.56548339,73.91374965,"6th Floor, Lunkad Sky Max, Datta Mandir Chowk (Viman Nagar)","Lounge","7th Floor, Lunkad Sky Max, Datta Mandir Chowk",411014,"Pune","Maharashtra",0
"C D A � � � � � �","Lounge","Mix@36","4cbb0fe643ec6dcbf04ca831",18.53975583,73.90602807,"36/3B, Koregaon Park Annexe, Mundhawa Road","Lounge","36/3B, Koregaon Park Annexe, Mundhawa Road",411001,"Pune","Maharashtra",0
"NIBM Road","Speakeasy","Woodoos","56fab55b498e6e19fb34337b",18.466014,73.908524,"NIBM Road","Speakeasy","NIBM Road","null","Pune","Maharashtra",0
"C D A � � � � � �","Pub","Hidden Place - The Crazy Frog","50489593e4b0ecd310c774d4",18.53654572,73.8753938,"34, 35, 36 Ground floor, Akshay Complex, Off Boat Club Road Behind Zamu's (Dhole Patil Road)","Pub","34, 35, 36 Ground floor, Akshay Complex, Off Boat Club Road Behind Zamu's",411001,"Pune","Maharashtra",0
"Bavdhan","Bar","D Palace Restaurant","4d0f7dc87177b1f724b34b22",18.51763127,73.78033139,"Bavdhan","Bar","Bavdhan","null","Pune","Maharashtra",2
"AFMC � � � � � � ","Nightlife","Jashn","4b93f857f964a520e25d34e3",18.48215585,73.89544922,"Beside Rosary School, Salunkhe Vihar Road (Wanowrie)","Other Nightlife","Beside Rosary School, Salunkhe Vihar Road",411040,"Pune","Maharashtra",0
"Senapati Bapat Rd","Lounge","Paasha","4d8cbebdd265236a27a7e116",18.53207679,73.82956401,"JW Marriott, Senapati Bapat Rd (ICC Towers, Senapati Bapat Rd.)","Lounge","JW Marriott, Senapati Bapat Rd",411053,"Pune","Maharashtra",2
"Mundhva � � � � �","Nightclub","1 Lounge","4b71a6e7f964a520c2532de3",18.53631022,73.91076923,"81/1, Koregon Mundhwa Road (Koregaon Park)","Nightclub","81/1, Koregon Mundhwa Road",411036,"Pune","Maharashtra",0
"Prabhat Road","Track","Old Canal Jogging Track","4f75a99fe4b06c81e0e48190",18.51732774,73.83198453,"Prabhat Road","Track","Prabhat Road","null","Pune","Maharashtra",2
"C D A � � � � � �","Yoga Studio","Osho Ashram","4b53e1d8f964a520e7ad27e3",18.53645482,73.88805127,"Lane 1 (Koregaon Park)","Yoga Studio","Lane 1",411001,"Pune","Maharashtra","#N/A"
"Dhanori � � � � �","Park","Rajiv Gandhi Park","59c5dd12a5a315336a510100",18.554243,73.864905,"Next To Khadki Ammunition Factory (Near Bombay Sappers)","Park","Next To Khadki Ammunition Factory",411015,"Pune","Maharashtra",0
"Dehu � � � � � � ","Building","Ordnance Factory Estate","5a44e1cee185f31fd1b26728",18.676241,73.740235,"Haveli 412109","Building","null",412109,"Pune","Maharashtra","#N/A"
"Lokmanya Nagar, Sadashiv Peth","Park","Joggers park","4f3cfcefe4b04080ab839728",18.50495579,73.84633332,"Lokmanya Nagar, Sadashiv Peth, Pune, Maharashtra","Park","Lokmanya Nagar, Sadashiv Peth, Pune, Maharashtra","null","Pune","Maharashtra",2
"Pratik Nagar","Park","Valmiki Udyan","57de9dae498e5359026cd6fd",18.568597,73.881006,"Pratik Nagar","Park","Pratik Nagar","null","Pune","Maharashtra",0
"Chinchwad East � �","Park","Jogging Track - Shivaji Park","5a0e40b3a6ec983a4a48ee55",18.6634,73.80202,"Jogging track (Shivaji park)","Park","Jogging track",411019,"Pune","Maharashtra",1
"Bund Garden Rd","Garden","Bund Garden","50c9c921e4b0b713c3da1c60",18.54102198,73.88389405,"Bund Garden Rd","Garden","Bund Garden Rd","null","Pune","Maharashtra",0
"Nigdi","Park","Bhakti Shakti Park","4dfcbb1a62846d918b951464",18.66457466,73.77061577,"Nigdi","Park","Nigdi","null","Pune","Maharashtra",1
"Koregaon park","Park","Prime Park","4e32d73ea8097f47f4a25611",18.539218,73.89871,"Koregaon park","Park","Koregaon park","null","Pune","Maharashtra",0
"Sknmc","Park","juice center","509b594de4b08e75e65568ef",18.46142101,73.82818798,"Sknmc","Park","Sknmc","null","Pune","Maharashtra",2
"North Main Rd","Park","Joggers Park","4e32d65245ddcff0a758d634",18.5073252,73.83251309,"North Main Rd (Koregaon Park)","Park","North Main Rd","null","Pune","Maharashtra",2
"Aundh � � � � � �","Park","Aundh Garden","51447a87e4b0da933898236b",18.56238919,73.80950282,"(Marutrao Gaikwad Udyaan)","Park","(Marutrao Gaikwad Udyaan)",411007,"Pune","Maharashtra",2
"Kothrud","Park","Thorat Udyan Jogging Track","5196de3d498ea88eedc8527e",18.50327281,73.81217962,"Near Shivaji Putala","Park","Near Shivaji Putala","null","Pune","Maharashtra",2
"Mundhwa","Park","Mundhwa Public Ground","512e1a8be4b089b91d1e4589",18.532466,73.899222,"Mundhwa","Park","Mundhwa","null","Pune","Maharashtra",0
"Wakad, Pimpri Chinchwad","Park","Park @ Wakad","4f578faae4b00c3d96833fe2",18.5483659,73.76947288,"Shri Chatrapati Shivaji Maharaj Rd, Wakad, Pimpri Chinchwad, Maharashtra","Park","Shri Chatrapati Shivaji Maharaj Rd, Wakad, Pimpri Chinchwad, Maharashtra","null","Pune","Maharashtra",2
"P.C.N.T. � � � � �","Park","Ganesh Talav Udyaan","50fbef4fe4b0c9cf8cd4ec29",18.65554138,73.76024556,"Near Ganesh Talav, Sector 28 (PCNTDA, Pradhikaran)","Park","Near Ganesh Talav, Sector 28",411044,"Pune","Maharashtra",1
"Kothrud","Park","T.T. Garden","4e8c89b2b803540e78674c54",18.5034376,73.81115875,"Near Shivaji Putala","Park","Near Shivaji Putala","null","Pune","Maharashtra",2
"Khondhwa KH � � �","Park","The Green Spot","4d5d678c775f8cfa05cec1e0",18.47029746,73.89008214,"kondhwa rd","Park","null",411048,"Pune","Maharashtra",0
"Wagholi","Park","Ganga retreat countryside","4ebab26c9911053f4e263c39",18.55491201,73.96538008,"Wagholi","Park","Wagholi","null","Pune","Maharashtra",0
"Aundh � � � � � �","Park","Mantri Kishor Park","4e4bf0401838fe3c818e2252",18.54391725,73.83691772,"Ashok Nagar (Range hill road)","Park","Ashok Nagar",411007,"Pune","Maharashtra",2
"Ganesh Nagar","Park","tata garden","50e81d3ae4b05b31e0a8fd20",18.56012095,73.92797102,"Ganesh Nagar (Nagar Hiway)","Park","Ganesh Nagar","null","Pune","Maharashtra",0
"C D A � � � � � �","Park","Shahu Modak Park","4d6908cffd7ea35df6f09f4a",18.5331448,73.89598489,"South Main Road, Koregaon Park","Park","South Main Road, Koregaon Park",411001,"Pune","Maharashtra",0
"Bund Garden","Park","Joggers Park","4dd87483b0fb8af380a1026e",18.54138428,73.88144732,"Bund Garden","Park","Bund Garden","null","Pune","Maharashtra",0
"Pradhikaran","Park","G T Jogging Track","532908fc498e50685a9fbb92",18.65649601,73.76351481,"Pradhikaran (Ganesh Talav)","Park","Pradhikaran","null","Pune","Maharashtra",1
"Hill Mist Garden","Park","Hill Mist Garden Park","5327409d498eb947586225f3",18.475111,73.891199,"Hill Mist Garden (Kondhwa)","Park","Hill Mist Garden","null","Pune","Maharashtra",0
"Gokhalenagar � � �","Library","Library Sicsr","5f89461953a78673f4c0f594",18.533405,73.83344,"SICSR","Library","SICSR",411016,"Pune","Maharashtra",2
"Masulkar Colony �","Library","PCCA Library","4d7bff18f6f04eb93826f24e",18.63381259,73.80139178,"Shraddha Heritage,Near Pimpri Chinchwad muncipal corporation (Morwadi Pimpri,Pune)","Library","Shraddha Heritage,Near Pimpri Chinchwad muncipal corporation",411018,"Pune","Maharashtra",1
"Aundh � � � � � �","Library","Just Books Clc","4d1448966d103704133720bd",18.5605357,73.80490737,"Aundh","Library","Aundh",411007,"Pune","Maharashtra",2
"Bund Garden Road","Library","Peshwa Daftar [Maharashtra State Archives]","50361c96e4b0e3f1e5d9fc25",18.52612567,73.87867928,"Bund Garden Road","Library","Bund Garden Road","null","Pune","Maharashtra",0
"A.R. Shala � � � �","Library","British Library","4b3b05a9f964a520627025e3",18.52083595,73.84109819,"917/1, Fergusson College Road (Shivaji Nagar)","Library","917/1, Fergusson College Road",411004,"Pune","Maharashtra",2
"Lokmanyanagar � �","Library","Bharat Itihas Sanshodhak Mandal","50b1b5b9e4b0f2e7f16ab9e2",18.51069276,73.84963632,"1321 Sadashiv Peth","Library","1321 Sadashiv Peth",411030,"Pune","Maharashtra",2
"Pimpri,Pune","Library","Tata Motors Central Library","507be87fe4b08ed648ee036e",18.64840229,73.81869915,"Pimpri,Pune","Library","Pimpri,Pune","null","Pune","Maharashtra",1
"Ganesh Nagar","Library","Shabdasneha Library","4f278a91e4b03421b7fc00c0",18.48902181,73.82250737,"Ganga Vishnu Heights, Ganesh Nagar, Pune, Maharashtra","Library","Ganga Vishnu Heights, Ganesh Nagar, Pune, Maharashtra","null","Pune","Maharashtra",2
"Lokmanyanagar � �","Library","Study Qubes","598d2ce80e5da87109df07fa",18.508329,73.850709,"Near S.P. Biryanis (Tilak Riad)","Library","Near S.P. Biryanis",411030,"Pune","Maharashtra",2
"Patwardhan Baug","Library","Adarsh Book Library","4dc8b99a7d8b549a55f5b93d",18.50305144,73.84585482,"Patwardhan Baug","College Library","Patwardhan Baug","null","Pune","Maharashtra",2
"Bhusari Colony � �","Library","Shabdasneha Library - Kothrud Branch","5267519511d202d478299e2d",18.49645905,73.80164623,"E 1/3, Kumar Parisar, opposite Cosmos Bank, near Mahatma Society, (Kothrud)","Library","E 1/3, Kumar Parisar, opposite Cosmos Bank, near Mahatma Society,",411038,"Pune","Maharashtra",2
"C D A � � � � � �","Library","Albert Edward Reading Hall","54058693498ed2702bf752ee",18.51444052,73.8796908,"Camp (East Street Opposite Kwality Hotel)","Library","Camp",411001,"Pune","Maharashtra",0
"Kothrud","Library","Just Books CLC","50250a2be4b05ebc0cd55e8a",18.50390971,73.81891167,"Kothrud","Library","Kothrud","null","Pune","Maharashtra",2
"Bhusari Colony � �","Library","ace academy","51a30c19498e25e7a87a89ec",18.50159971,73.81589606,"Rohan Chambers, Above Sujata Mastani, Karve Putla, Kothrud","Library","Rohan Chambers, Above Sujata Mastani, Karve Putla, Kothrud",411038,"Pune","Maharashtra",2
"Sakal Nagar","Library","Nanasaheb Perulkar Library","4ede8722f9f436d1267992bf",18.54784334,73.82034659,"Sakal Nagar (Baner Road)","Library","Sakal Nagar","null","Pune","Maharashtra",2
"Khadki","Library","Bombay Sapper's Central Library","51a6ed11498e04439f282f78",18.55045509,73.86638641,"B.E.G. & Centre (Near Holkar Bridge)","Library","B.E.G. & Centre",411003,"Pune","Maharashtra",0
"Infosys Ph2","Library","Infosys Ph2 SDB4 Library","5136d098e4b08fc6ae349163",18.59713364,73.70732117,"Infosys Ph2 (Hinjewadi)","Library","Infosys Ph2","null","Pune","Maharashtra",1
"Infosys Phase 2","Library","Library @ Infosys","4ec9f4b9e300719917fde62d",18.59567998,73.70868309,"Infosys Phase 2","Library","Infosys Phase 2","null","Pune","Maharashtra",1
"Wanowarie","Library","Just Books","50c1e7cee4b077d5c49f6b42",18.49173667,73.90032719,"Wanowarie (Sacred World)","Library","Wanowarie","null","Pune","Maharashtra",0
"Gultekdi","Library","Mahaveer Prathisthan- Library","4fe19aa6e4b079e195df6c92",18.48912977,73.88017315,"Near Salisbury Park","Library","Near Salisbury Park","null","Pune","Maharashtra",0
"Crystal Castle","Library","Library","515d7067e4b00e3f808c274e",18.48178864,73.9045639,"Crystal Castle (Salunke Vihar Road)","Library","Crystal Castle","null","Pune","Maharashtra",0
"Infosys Ph2","Library","Infosys Ph2 SDB6 Library","5136cfb5e4b0b7e1c29b72d9",18.59668232,73.71147043,"Infosys Ph2 (Hinjewadi)","Library","Infosys Ph2","null","Pune","Maharashtra",1
"Sus Road","Elementary School","Lokseva E School","51440f2de4b0a40e37c4eb3d",18.54623035,73.78301433,"Sus Road","Elementary School","Sus Road","null","Pune","Maharashtra",2
"P.C.N.T. � � � � �","School","Jnana Prabodhini Navanagar Vidyalay","4e4880cfe4cd9d94fb3dfddf",18.65923233,73.76634736,"Sector 27, Sindhu Nagar (Pradhikaran, Nigadi)","School","Sector 27, Sindhu Nagar",411044,"Pune","Maharashtra",1
"Camp","School","The Bishop's School","4d1b0cf49aa5548188eccae0",18.51036945,73.88379069,"Camp","School","Camp","null","Pune","Maharashtra",0
"Bhandarkar Road","Private School","Dilip Oak Acadamy","4e734e67d22d2fd3143a20e2",18.51901636,73.83173544,"Bhandarkar Road","Private School","Bhandarkar Road","null","Pune","Maharashtra",2
"C D A � � � � � �","School","Shri Shivaji Preparatory Military Day School & Junior College (SSPMS)","519b641f498e1dd2ad5df1aa",18.53048134,73.86505127,"Near RTO (Sassoon Road)","School","Near RTO",411001,"Pune","Maharashtra",0
"Yerwada � � � � �","Academic Building","Kendriya Vidyalaya B.E.G","4e5545fe6284680b53555cc5",18.54442614,73.87838853,"Kendriya Vidyalaya B.E.G (Nr. Sadal Baba Dargah)","College Academic Building","Kendriya Vidyalaya B.E.G",411006,"Pune","Maharashtra",0
"DP Rd, Paud Rd","High School","Paranjape Vidya Mandir","4e413d90e4cd432464349d5f",18.50221989,73.80606773,"DP Rd, Paud Rd","High School","DP Rd, Paud Rd","null","Pune","Maharashtra",2
"A.R. Shala � � � �","Middle School","Abhinava Vidyalaya Primary School","4e8af71e0aaf72bf63518912",18.5039767,73.82545395,"Near Dashabhuja Ganapati Mandir (Karve Rd)","Middle School","Near Dashabhuja Ganapati Mandir",411004,"Pune","Maharashtra",2
"Lokmanyanagar � �","High School","????? ????????? (Dnayan Prabodhini)","4bd394efcaff95219153d5f0",18.51214703,73.84565668,"510, Sadashiv Peth","High School","510, Sadashiv Peth",411030,"Pune","Maharashtra",2
"Gondhale Nagar � �","High School","Vibgyor High school","4d36e2ce00946ea8d4a184ec",18.46834652,73.90617205,"Survey no 14/1 (Dorabjee Road, Kondwa)","High School","Survey no 14/1",411028,"Pune","Maharashtra",0
"Bibvewadi � � � �","School","Crescent High School","4eef05806c25c7f9d3c70d8a",18.49234219,73.86776962,"Sr. No. 345 (Sate Vadgaon Maval, Gultekadi)","School","Sr. No. 345",411037,"Pune","Maharashtra",2
"Baner","School","Indira Kids School","4b66646bf964a52001202be3",18.56201291,73.77875626,"Baner","School","Baner","null","Pune","Maharashtra",1
"Bajirao Road � � �","High School","Ornellas High School","4eef19d51081141e9498d2ce",18.51595252,73.87097597,"Quarter Gate (Nana Peth)","High School","Quarter Gate",411002,"Pune","Maharashtra",0
"Sanjay Park","Elementary School","IEC Brighter Learning Academy Preschool","5055ce8ce4b0c3ed1f5cd074",18.5711711,73.90377212,"Plot No.9 Sanjay Park","Elementary School","Plot No.9 Sanjay Park","null","Pune","Maharashtra",0
"NIBM Rd","Nursery School","Serra International School","4f520d33e4b0336533832d74",18.51961345,73.9010047,"NIBM Rd, Pune, Maharashtra","Nursery School","NIBM Rd, Pune, Maharashtra","null","Pune","Maharashtra",0
"Aundh � � � � � �","School","Little Millennium","4f714271e4b0e30fddc2bb72",18.5530485,73.8057277,"Anand Park (Kirloskar House Lane, Aundh)","School","Anand Park",411007,"Pune","Maharashtra",2
"Mundhva � � � � �","Nursery School","orbis school","506be170e4b0fa7d3a648ef2",18.53265781,73.95008325,"Mundhwa (Manjari Road)","Nursery School","Mundhwa",411036,"Pune","Maharashtra",0
"Popular Nagar","High School","Modern Highschool","5045f8a2e4b074fa453fb59b",18.47928719,73.80240855,"Popular Nagar (Pune-Bangalore Highway)","High School","Popular Nagar","null","Pune","Maharashtra",2
"Prabhat Road","High School","Vimalabai Garware Prashala","520c333711d2e3879f97a856",18.51381424,73.84109366,"Prabhat Road (Opposite Deccan Police Station)","High School","Prabhat Road","null","Pune","Maharashtra",2
"Camp","High School","St. Annes High School","512f5b33e4b01e74562e4f1c",18.51350879,73.87674503,"Camp (Convent Street)","High School","Camp","null","Pune","Maharashtra",0
"Karvenagar","High School","Samrat Ashok Vidyalay","5297f2bd11d285c7c3655514",18.49049559,73.81617178,"Karvenagar","High School","Karvenagar","null","Pune","Maharashtra",2
"Khadki","High School","Lokmanya Tilak High School","5246c13111d281a0894f1caf",18.554483,73.867685,"Near Holkar Bridge, Khadki","High School","Near Holkar Bridge, Khadki","null","Pune","Maharashtra",0
"Bajirao Road � � �","Shop","Tulshibaug","4c63d8a2edb29c7431bf3da7",18.51405007,73.85492563,"Opposite Vishrambaug Wada, (Off Laxmi Road)","Miscellaneous Shop","Opposite Vishrambaug Wada,",411002,"Pune","Maharashtra",2
"Aundh � � � � � �","Department Store","Raj Shree Market","527ce67111d24a9d4bbe8429",18.55582678,73.80910163,"Anand Park (Aundh)","Department Store","Anand Park",411007,"Pune","Maharashtra",2
"Aundh � � � � � �","Salon / Barbershop","Enrich Salon","4f46449be4b04ef91d66402e",18.55579205,73.80891627,"Sayali Terrace, Flat No.1, 94 Anand Park, Roman 2, Iti Road, Opp. Hdfc Bank & Nr. Pizza Hut, Aundh","Salon / Barbershop","Sayali Terrace, Flat No.1, 94 Anand Park, Roman 2, Iti Road, Opp. Hdfc Bank & Nr. Pizza Hut, Aundh",411007,"Pune","Maharashtra",2
"Bhusari Colony � �","Jewelry","P. N. Gadgil Jewllers","4e01f1aed22db37fb029a4fc",18.51037355,73.81908317,"Shop #5, #127/2, Commerce Avenue (Paud Rd, Kothrud)","Jewelry Store","Shop #5, #127/2, Commerce Avenue",411038,"Pune","Maharashtra",2
"Nagar Road","Automotive","Darshan Tyres","4e2117cbb61cdcf1ecba6953",18.5579072,73.91008048,"Nagar Road (Viman Nagar)","Automotive Shop","Nagar Road","null","Pune","Maharashtra",0
"9 DRD � � � � � �","Gas Station","Shell","5b23ae276bdee6002cad94ac",18.55863318,73.93854942,"Mundhwa Rd (Kharadi Bypass)","Gas Station","Mundhwa Rd",411014,"Pune","Maharashtra",0
"9 DRD � � � � � �","Mall","Phoenix Market City","4df5a54a1fc7b84e0ea83e3e",18.56195072,73.91689539,"Survey No.-207, Behind Baker Gauges (I) Pvt. Ltd., Next to Tyco Electronics (Nagar Road)","Shopping Mall","Survey No.-207, Behind Baker Gauges (I) Pvt. Ltd., Next to Tyco Electronics",411014,"Pune","Maharashtra",0
"Warje � � � � � �","Gas Station","Shell Petrol Pump","4fb1282de4b0c0e08f103588",18.48800039,73.79541513,"Sr.No.116/1,Near Hotel Soundarya,Warje (NH-4)","Gas Station","Sr.No.116/1,Near Hotel Soundarya,Warje",411058,"Pune","Maharashtra",2
"Chandan nagar","Market","(OLD)Chandan nagar Market","4e5f2455b0fb27e2bd433fe3",18.56210025,73.93139249,"Chandan nagar","Market","Chandan nagar","null","Pune","Maharashtra",0
"Mangawadi","Mall","KK Market","4e3a00a062e10c0843d260dc",18.46921164,73.86001128,"Mangawadi (Pune-Satara rd)","Shopping Mall","Mangawadi","maharashtra","Pune","Maharashtra",2
"Armament � � � � �","Fruit & Vegetable Store","Bagban","5fd846f6daf52553a616b1f1",18.544698,73.790261,"Pashan Sus Road","Fruit & Vegetable Store","Pashan Sus Road",411021,"Pune","Maharashtra",2
"Aundh","Mall","Westend mall","5741cc7f498e6e2d5bbdc920",18.56181433,73.80722023,"Aundh","Shopping Mall","Aundh","null","Pune","Maharashtra",2
"C D A � � � � � �","Organic Grocery","Godrej Nature's Basket","52222591bce620cf80bbd39b",18.53667435,73.89722444,"Shop No. 1 and 2, Ground Floor, Business Square, Plot No.352/3, Lane No. 5, (Opposite Punjabi restaurant)","Organic Grocery","Shop No. 1 and 2, Ground Floor, Business Square, Plot No.352/3, Lane No. 5,",411001,"Pune","Maharashtra",0
"Bajirao Road � � �","Flea Market","Bohri Aali","4d5a1dbb3281b1f75378c22f",18.51439095,73.85972414,"Border of Budhwar and Raviwar Peth","Flea Market","Border of Budhwar and Raviwar Peth",411002,"Pune","Maharashtra",2
"Pune Mumbai Highway","Auto Dealer","Garve Hyundai","4f6336cce4b02cbb7dd00b12",18.59981961,73.75403439,"Pune Mumbai Highway","Auto Dealership","Pune Mumbai Highway","null","Pune","Maharashtra",1
"Pimpri","Bank","State Bank Of India","4cdb7db05aeda1cd1283bd11",18.6125586,73.81849926,"State Bank Building, Near, Hotel Kalasagar (Off Daichi,)","Bank","State Bank Building, Near, Hotel Kalasagar","null","Pune","Maharashtra",1
"Yerwada � � � � �","Gas Station","Bike-a-World","4e26fc0c149503e3719ba3c3",18.56619336,73.9184985,"Shop No 4 Siddhant Classic (Behind Baker Gauges Company)","Gas Station","Shop No 4 Siddhant Classic",411006,"Pune","Maharashtra",0
"Pashan","Flea Market","PASHAN CIRCLE BHAAJI MANDAI","500be00fe4b0c0877f003575",18.53729933,73.79428573,"p (Pashan circle)","Flea Market","p","null","Pune","Maharashtra",2
"Dapodi","Automotive","Sai Service","4bb04657f964a520443f3ce3",18.58905477,73.83061819,"Nr Sandwik Asia Company (Phugewadi)","Automotive Shop","Nr Sandwik Asia Company","null","Pune","Maharashtra",1
"Mundhva � � � � �","Gas Station","Bharat Petroleum","4fd448fbe4b0d1424078ceb2",18.53350094,73.92069731,"Mundwa","Gas Station","Mundwa",411036,"Pune","Maharashtra",0
"Swargate","Gas Station","Bharat Petroleum","4ee864e12c5b49765e46b698",18.50231997,73.85704224,"Swargate","Gas Station","Swargate","null","Pune","Maharashtra",2
"Moledina Road","Gas Station","HP Petrol Pump","4dd69731b0fb8af38070a31d",18.51956197,73.87603602,"Moledina Road","Gas Station","Moledina Road","null","Pune","Maharashtra",0
"Baner Gaon � � � �","Bank","HDFC Bank","4d4f3cf69d662d434ec94e00",18.55079894,73.79149953,"Baner Road (Baner)","Bank","Baner Road",411045,"Pune","Maharashtra",2
"C D A � � � � � �","Supermarket","Dorabjee's","4b63e8e4f964a520b7962ae3",18.51911584,73.87685023,"Moledina Road","Supermarket","Moledina Road",411001,"Pune","Maharashtra",0
"Gondhale Nagar � �","Mall","Amanora Town Centre","4e48cebb887781a619c97813",18.5187468,73.93520427,"Hadapsar - Kharadi Bypass road, Unit No.- GF-14 , Town Centre Amanora, Village Sandestranalli, Taluka Haveli","Shopping Mall","Hadapsar - Kharadi Bypass road, Unit No.- GF-14 , Town Centre Amanora, Village Sandestranalli, Taluka Haveli",411028,"Pune","Maharashtra",0
"9 DRD � � � � � �","Department Store","Dorabjees","4ef5ca3130f894d86712b017",18.56834644,73.90743133,"Off New Airport Rd (Viman Nagar)","Department Store","Off New Airport Rd",411014,"Pune","Maharashtra",0
"Pimpri","Market","Pimpri Market","4c5ed0fb2815c9280c7eb867",18.62184956,73.80229366,"Pimpri","Market","Pimpri","null","Pune","Maharashtra",1
"Baner Chs, Aundh Gaon","Gas Station","Gaikwad Petrol Pump","4d07940e54d0236a12f4fed5",18.55781557,73.80424543,"Baner Park Society, Baner Chs, Aundh Gaon","Gas Station","Baner Park Society, Baner Chs, Aundh Gaon","null","Pune","Maharashtra",2
"Sadashivpeth","Convenience Store","Grahak Peth","4e32bf81d1643f0b04af93a3",18.50764944,73.85063253,"Sadashivpeth (Tilak Road)","Convenience Store","Sadashivpeth","null","Pune","Maharashtra",2
"Warje","Gas Station","Vanzz Gas Pump","4f4ef3dde4b0c3e2787c60ca",18.48227403,73.80322426,"Warje, Pune, Maharashtra","Gas Station","Warje, Pune, Maharashtra","null","Pune","Maharashtra",2
"Bavdhan","Automotive","DSK TOYOTA","4da97fd793a04642f0673034",18.52230613,73.76943266,"Bavdhan (Mumbai Pune Highway)","Automotive Shop","Bavdhan","null","Pune","Maharashtra",2
"Tanajiwadi","Hospital","Sancheti Hospital","4bcf1cc8c564ef3b1744eff0",18.52958708,73.85293031,"Tanajiwadi, Ashok Nagar,Near COEP, (Shivaji Nagar,)","Hospital","Tanajiwadi, Ashok Nagar,Near COEP,","India","Pune","Maharashtra","#N/A"
"Laxmi Road","Supermarket","Daga Brothers","4f7bf31de4b04f0337fe7487",18.51430367,73.85109255,"Near Commonwealth Building (Laxmi Road)","Supermarket","Near Commonwealth Building","null","Pune","Maharashtra",2
"Aundh Camp � � � �","Grocery Store","Nature's Basket","4ec0e6b66da15b4ddf7d33e4",18.56379126,73.8074426,"Shop No. 155/1A, Kumar Crystal, Aundh","Grocery Store","Shop No. 155/1A, Kumar Crystal, Aundh",411027,"Pune","Maharashtra",2
"MIT Rd","Grocery Store","Dhanlaxmi Super Shopee","4f22c9fee4b0b2f98db2ad74",18.52319512,73.81805582,"Near Bedekar Ganpati Mandir (MIT Road)","Grocery Store","Near Bedekar Ganpati Mandir","null","Pune","Maharashtra",2
"Wanowrie","Supermarket","Reliance Fresh","4b65119af964a5208fe22ae3",18.48179108,73.89805016,"Groud Floor Ling Field Plaza, Beside Cafe Coffee Day (Salunkhe Vihar Road, Wanowrie)","Supermarket","Groud Floor Ling Field Plaza, Beside Cafe Coffee Day",411022,"Pune","Maharashtra",0
"G K Lord's","Grocery Store","More","4bff581e10899c740c7015c5",18.59488485,73.7879162,"G K Lord's (Shivar chowk, Pimple Saudagar)","Grocery Store","G K Lord's","null","Pune","Maharashtra",1
"Hadpsar I.E. � � �","Department Store","Star Bazaar","520e240e11d299662512b966",18.51911972,73.93109702,"Seasons Mall, Magarpatta City (Hadapsar - Kharadi Bypass,Taluka Haveli)","Department Store","Seasons Mall, Magarpatta City",411013,"Pune","Maharashtra",0
"Aundh","Grocery Store","Kumardhara Traders (Coffee Merchants)","4d046b8f26adb1f79cb0d270",18.55770272,73.80506247,"Aundh, next to Chitale Bhandu","Grocery Store","Aundh, next to Chitale Bhandu","null","Pune","Maharashtra",2
"Bibvewadi � � � �","Grocery Store","Sirvi Bandhu","51a1c9e6498e3fa34a766cc2",18.47665412,73.87242104,"Indrayani Randive Marg (Near Sirvi Bandhu Mithaiwale)","Grocery Store","Indrayani Randive Marg",411037,"Pune","Maharashtra",2
"Dhayari � � � � �","Grocery Store","D Mart","597af5070457b7329b6bc189",18.460149,73.785821,"Haveli 411041","Grocery Store","null",411041,"Pune","Maharashtra",2
"Aundh � � � � � �","Grocery Store","Bhanthia Shoppe","4dfdfcc3227185f38b99f9b0",18.56703455,73.81173732,"Aundh gaon","Grocery Store","Aundh gaon",411007,"Pune","Maharashtra",2
"Infotech Park � �","Grocery Store","Star Daily","58fcbb8950a6f05906e32fa1",18.60429,73.76025,"Yamunanagar Road","Grocery Store","Yamunanagar Road",411057,"Pune","Maharashtra",1
"Armament � � � � �","Grocery Store","Balaji Traders","5a313a8f8173cb5fda14840f",18.520916,73.77444,"shop no 1, Pebbles Soc, Beside Suryadatta College, Bavdhan","Grocery Store","shop no 1, Pebbles Soc, Beside Suryadatta College, Bavdhan",411021,"Pune","Maharashtra",2
"Aundh Camp � � � �","Grocery Store","Star Market","5c3dc179f129b50025cfc84b",18.593988,73.793365,"Pune 411027","Grocery Store","null",411027,"Pune","Maharashtra",1
"9 DRD � � � � � �","Grocery Store","Sai Grocery Store","59fea9689deb7d0d61f743ab",18.549574,73.914764,"Pune 411014","Grocery Store","null",411014,"Pune","Maharashtra",0
"Wadgaon Sheri","Grocery Store","Maruti Vegetables","4f1c0e37e4b091897a5e78df",18.56513139,73.91441082,"Datta Mandir Vadgaon Sheri, Krushna Nagar, Wadgaon Sheri","Grocery Store","Datta Mandir Vadgaon Sheri, Krushna Nagar, Wadgaon Sheri","null","Pune","Maharashtra",0
"9 DRD � � � � � �","Grocery Store","Reliance Mart","4c07cc9ec69aa5939dcb9ba2",18.55075284,73.93750877,"S No 8 Hissa 2B/2C, Near Zensar Technologies TAL Haveli, Kharadi Mundhwa Bypass (Kharadi)","Grocery Store","S No 8 Hissa 2B/2C, Near Zensar Technologies TAL Haveli, Kharadi Mundhwa Bypass",411014,"Pune","Maharashtra",0
"Sakal Nagar","Grocery Store","Anand Super Market","4f7b0564e4b0747c65d965ef",18.54638361,73.82027299,"Sakal Nagar","Grocery Store","Sakal Nagar","null","Pune","Maharashtra",2
"Gokhalenagar � � �","Grocery Store","New maharashtra house","4e717ef3d22dbd626144d067",18.52986598,73.83656568,"model colony (Deep bunglow chowk)","Grocery Store","model colony",411016,"Pune","Maharashtra",2
"Aundh � � � � � �","Supermarket","Santosh Super Market","4dd28aefd16465f3f9547adf",18.5553566,73.80610794,"Shop No.7, A-1, Chintamani Nagar (Anand Park)","Supermarket","Shop No.7, A-1, Chintamani Nagar",411007,"Pune","Maharashtra",2
"Wadgaon Sheri","Grocery Store","Fruit Vendor","4f1c0ccfe4b0d9f8b9f4be27",18.56522506,73.91433044,"Datta Mandir Vadgaon Sheri, Krushna Nagar, Wadgaon Sheri","Grocery Store","Datta Mandir Vadgaon Sheri, Krushna Nagar, Wadgaon Sheri","null","Pune","Maharashtra",0
"Aundh Camp � � � �","Supermarket","Sai Enterprises","55570971498ec3f829e8bef1",18.624932,73.868994,"Sr no 78/60, plot no b-2, a wing (Sai ambience, opp nkgsb bank)","Supermarket","Sr no 78/60, plot no b-2, a wing",411027,"Pune","Maharashtra",1
"Pimple Saudagar","Grocery Store","Labh Mart","5088c2e6e4b0f94296b0e1ad",18.5897333,73.7998309,"Planet Millennium Society","Grocery Store","Planet Millennium Society","null","Pune","Maharashtra",1
"Wakad Rd","Grocery Store","Harshwardhan Dairy","4ecd2ea86c25f61c32ad3f7d",18.6030282,73.7641452,"Wakad Rd","Grocery Store","Wakad Rd","null","Pune","Maharashtra",1
"Bibvewadi � � � �","Grocery Store","Mataji General Stores","5191c0f8498edc978f522349",18.49215508,73.86332703,"Kushaba Jhangale Rd, Maharshi Nagar","Grocery Store","Kushaba Jhangale Rd, Maharshi Nagar",411037,"Pune","Maharashtra",2
"Baner Gaon � � � �","Grocery Store","Mataji Traders","4d04778228926ea81afd6bc2",18.5766272,73.776417,"Balewadi (Balewadi)","Grocery Store","Balewadi",411045,"Pune","Maharashtra",1
"Chinchwad","Grocery Store","More","4e208f50b0fbdf9ba7a0ab94",18.63302276,73.78833414,"Chinchwad","Grocery Store","Chinchwad","null","Pune","Maharashtra",1
"Wakad Rd","Grocery Store","Krishna Super Shopee","4ecdb46df5b9832ad7322437",18.6030282,73.7641452,"Wakad Rd","Grocery Store","Wakad Rd","null","Pune","Maharashtra",1
"Viman Nagar","Grocery Store","Subji","4fd8d1ebe4b0f39d2bee0b4b",18.56280687,73.90885328,"Viman Nagar","Grocery Store","Viman Nagar","null","Pune","Maharashtra",0
"Bibvewadi � � � �","Grocery Store","arvind super market","503508bce4b04e46b7acfe48",18.47057766,73.86013188,"Near Sugandha Lawns (K.k.market Road)","Grocery Store","Near Sugandha Lawns",,"Pune","Maharashtra",2
